Code,Name,Description,UnitOfMeasure,CategoryId,CompanyId,ReorderPoint,AddedOn,ModifiedOn,UpdatedBy
ITM01,Garlic,Garlic White,1,1,1,10,1/20/2017 16:34,1/20/2017 16:34,NULL
ITM02,Araliya Red Raw,Araliya Red Raw,1,1,1,10,1/21/2017 20:21,1/21/2017 20:21,NULL
1268,21 COLLE.FRUIT& NUT 200G KANDOS,21 COLLE.CASHEW NUT MILK CHOCOLATE,1,1,1,10,1/22/2017 17:18,5/30/2017 19:21,NULL
828,21 COLLE.FRUIT 200G KANDOS,21 COLLE.FRUIT& NUT 200G KANDOS,1,1,1,10,1/22/2017 17:18,5/30/2017 19:21,NULL
827,21 COLLE.HAZEL NUT 200G KANDOS,21 COLLE.HAZEL NUT 200G KANDOS,1,1,1,10,1/22/2017 17:18,1/22/2017 17:18,NULL
826,21 COLLECTION MILK 200G KANDOS,21 COLLECTION MILK 200G KANDOS,1,1,1,10,1/22/2017 17:18,1/22/2017 17:18,NULL
163,4GB 15G,4GB 15G,1,1,1,10,1/22/2017 17:18,5/30/2017 19:24,NULL
759,4X TOILET BOWL CLEA 5L,4X TOILET BOWL CLEA 5L,1,1,1,10,1/22/2017 17:18,1/22/2017 17:18,NULL
1961,7UP 2L,7UP 2L,1,1,1,10,1/22/2017 17:18,1/22/2017 17:18,NULL
1953,7UP 300ML,7UP 300ML,1,1,1,10,1/22/2017 17:18,1/22/2017 17:18,NULL
1960,7UP 500ML,7UP 500ML,1,1,1,10,1/22/2017 17:18,1/22/2017 17:18,NULL
1517,A4 PAPER,A4 PAPER,1,1,1,10,1/22/2017 17:18,1/22/2017 17:18,NULL
1015,AACHI CHILLI POWDER 500G,AACHI CHILLI POWDER 500G,1,1,1,10,1/22/2017 17:18,1/22/2017 17:18,NULL
1810,AACHI MASALA 200G,AACHI MASALA 200G,1,1,1,10,1/22/2017 17:18,1/22/2017 17:18,NULL
1003,ACCHI MASALA 500G,ACCHI MASALA 500G,1,1,1,10,1/22/2017 17:18,1/22/2017 17:18,NULL
1772,AFTERSAVE BLACK KNIGHT 100ML (N),AFTERSAVE BLACK KNIGHT 100ML (N),1,1,1,10,1/22/2017 17:18,1/22/2017 17:18,NULL
1377,AFTERSHAVE BLACK KNIGHT 100ML,AFTERSHAVE BLACK KNIGHT 100ML,1,1,1,10,1/22/2017 17:18,1/22/2017 17:18,NULL
157,AH–HA 20G,AH–HA 20G,1,1,1,10,1/22/2017 17:18,1/22/2017 17:18,NULL
756,AIR FRISHNER 5L,AIR FRISHNER 5L,1,1,1,10,1/22/2017 17:18,1/22/2017 17:18,NULL
972,AIR WICK GEL RECKIT 50G,AIR WICK GEL RECKIT 50G,1,1,1,10,1/22/2017 17:18,1/22/2017 17:18,NULL
857,AIRWICK SPRAY 475M RECKIT,AIRWICK SPRAY 475M RECKIT,1,1,1,10,1/22/2017 17:18,1/22/2017 17:18,NULL
1282,AJI NO MOTO,AJI NO MOTO,1,1,1,10,1/22/2017 17:18,1/22/2017 17:18,NULL
881,AJI NO MOTO 15G SHAW WALLACE,AJI NO MOTO 15G SHAW WALLACE,1,1,1,10,1/22/2017 17:18,1/22/2017 17:18,NULL
880,AJI NO MOTO 350G SHAW WALLACE,AJI NO MOTO 350G SHAW WALLACE,1,1,1,10,1/22/2017 17:18,1/22/2017 17:18,NULL
1557,ALL PURPOSE 5L,ALL PURPOSE 5L,1,1,1,10,1/22/2017 17:18,1/22/2017 17:18,NULL
1702,ALMOND PASTE–2.5KG,ALMOND PASTE–2.5KG,1,1,1,10,1/22/2017 17:18,1/22/2017 17:18,NULL
1949,ALU FOIL 24*25,ALU FOIL 24*25,1,1,1,10,1/22/2017 17:18,1/22/2017 17:18,NULL
520,ALU FOIL 24*37,ALU FOIL 24*37,1,1,1,10,1/22/2017 17:18,1/22/2017 17:18,NULL
506,ALU FOIL Q SERVE/LAY–45CM,ALU FOIL Q SERVE/LAY–45CM,1,1,1,10,1/22/2017 17:18,1/22/2017 17:18,NULL
1148,AMBARELLA CHUTNEY 210G,AMBARELLA CHUTNEY 210G,1,1,1,10,1/22/2017 17:18,1/22/2017 17:18,NULL
1846,AMBARELLA CHUTNEY 490G EDI,AMBARELLA CHUTNEY 490G EDI,1,1,1,10,1/22/2017 17:18,1/22/2017 17:18,NULL
1847,AMBARELLA CHUTNEY MD,AMBARELLA CHUTNEY MD,1,1,1,10,1/22/2017 17:18,1/22/2017 17:18,NULL
665,AMLA HAIR OIL 45ML,AMLA HAIR OIL 45ML,1,1,1,10,1/22/2017 17:18,1/22/2017 17:18,NULL
1764,AMLA HAIR OIL 90ML,AMLA HAIR OIL 90ML,1,1,1,10,1/22/2017 17:18,1/22/2017 17:18,NULL
664,AMLA PLUS HAIR OIL 50ML HARCOURTS,AMLA PLUS HAIR OIL 50ML HARCOURTS,1,1,1,10,1/22/2017 17:18,1/22/2017 17:18,NULL
1315,ANCHOR (1–5) MILK POWDER 400G,ANCHOR (1–5) MILK POWDER 400G,1,1,1,10,1/22/2017 17:18,1/22/2017 17:18,NULL
1502,ANCHOR 1+ MILK POWDER 400G,ANCHOR 1+ MILK POWDER 400G,1,1,1,10,1/22/2017 17:18,1/22/2017 17:18,NULL
222,ANCHOR BUTTER 100G,ANCHOR BUTTER 100G,1,1,1,10,1/22/2017 17:18,1/22/2017 17:18,NULL
1734,ANCHOR BUTTER 227G,ANCHOR BUTTER 227G,1,1,1,10,1/22/2017 17:18,1/22/2017 17:18,NULL
215,ANCHOR BUTTER 7G,ANCHOR BUTTER 7G,1,1,1,10,1/22/2017 17:18,1/22/2017 17:18,NULL
214,ANCHOR COOKING CREAM 1L,ANCHOR COOKING CREAM 1L,1,1,1,10,1/22/2017 17:18,1/22/2017 17:18,NULL
1986,ANCHOR MILK CHOCOLATE,ANCHOR MILK CHOCOLATE,1,1,1,10,1/22/2017 17:18,1/22/2017 17:18,NULL
216,ANCHOR MILK POWDER 1KG,ANCHOR MILK POWDER 1KG,1,1,1,10,1/22/2017 17:18,1/22/2017 17:18,NULL
218,ANCHOR MILK POWDER 250G,ANCHOR MILK POWDER 250G,1,1,1,10,1/22/2017 17:18,1/22/2017 17:18,NULL
219,ANCHOR MILK POWDER 400G,ANCHOR MILK POWDER 400G,1,1,1,10,1/22/2017 17:18,1/22/2017 17:18,NULL
746,ANCHOR MILK POWDER 75G,ANCHOR MILK POWDER 75G,1,1,1,10,1/22/2017 17:18,1/22/2017 17:18,NULL
1985,ANCHOR MILK VANILA,ANCHOR MILK VANILA,1,1,1,10,1/22/2017 17:18,1/22/2017 17:18,NULL
747,ANCHOR NON FAT MILK POWDER 400G,ANCHOR NON FAT MILK POWDER 400G,1,1,1,10,1/22/2017 17:18,1/22/2017 17:18,NULL
483,ANCHOR PEDIA PRI (1–2)400G,ANCHOR PEDIA PRI (1–2)400G,1,1,1,10,1/22/2017 17:18,1/22/2017 17:18,NULL
484,ANCHOR PEDIA PRO (1–2) 200G,ANCHOR PEDIA PRO (1–2) 200G,1,1,1,10,1/22/2017 17:18,1/22/2017 17:18,NULL
1313,ANCHOR PEDIA PRO (2–5) 200G,ANCHOR PEDIA PRO (2–5) 200G,1,1,1,10,1/22/2017 17:18,1/22/2017 17:18,NULL
485,ANCHOR PEDIA PRO (2–5) 400G,ANCHOR PEDIA PRO (2–5) 400G,1,1,1,10,1/22/2017 17:18,1/22/2017 17:18,NULL
750,ANCHOR WIPING CREAM 1L,ANCHOR WIPING CREAM 1L,1,1,1,10,1/22/2017 17:18,1/22/2017 17:18,NULL
487,ANLENE 200G,ANLENE 200G,1,1,1,10,1/22/2017 17:18,1/22/2017 17:18,NULL
486,ANLENE 400G,ANLENE 400G,1,1,1,10,1/22/2017 17:18,1/22/2017 17:18,NULL
1769,APPLE VINEGAR,APPLE VINEGAR,1,1,1,10,1/22/2017 17:18,1/22/2017 17:18,NULL
1505,ARALIYA BROCKEN RICE,ARALIYA BROCKEN RICE,1,1,1,10,1/22/2017 17:18,1/22/2017 17:18,NULL
1496,ARALIYA KEERI SAIMBA,ARALIYA KEERI SAIMBA,1,1,1,10,1/22/2017 17:18,1/22/2017 17:18,NULL
288,ARALIYA NADU,ARALIYA NADU,1,1,1,10,1/22/2017 17:18,1/22/2017 17:18,NULL
1263,ARALIYA RAW SAMBA (WHITE),ARALIYA RAW SAMBA (WHITE),1,1,1,10,1/22/2017 17:18,1/22/2017 17:18,NULL
1137,ARALIYA RED NADU,ARALIYA RED NADU,1,1,1,10,1/22/2017 17:18,1/22/2017 17:18,NULL
289,ARALIYA RED RAW,ARALIYA RED RAW,1,1,1,10,1/22/2017 17:18,1/22/2017 17:18,NULL
287,ARALIYA RED RAW SAMBA,ARALIYA RED RAW SAMBA,1,1,1,10,1/22/2017 17:18,1/22/2017 17:18,NULL
842,ARALIYA RED SAMBA,ARALIYA RED SAMBA,1,1,1,10,1/22/2017 17:18,1/22/2017 17:18,NULL
286,ARALIYA SAMBA,ARALIYA SAMBA,1,1,1,10,1/22/2017 17:18,1/22/2017 17:18,NULL
841,ARALIYA SUPIRI KEERI SAMBA 1KG,ARALIYA SUPIRI KEERI SAMBA 1KG,1,1,1,10,1/22/2017 17:18,1/22/2017 17:18,NULL
843,ARALIYA WHITE RAW,ARALIYA WHITE RAW,1,1,1,10,1/22/2017 17:18,1/22/2017 17:18,NULL
891,AROMANT SOUP POWDER 1KG,AROMANT SOUP POWDER 1KG,1,1,1,10,1/22/2017 17:18,1/22/2017 17:18,NULL
67,ARTIFICAL 4L,ARTIFICAL 4L,1,1,1,10,1/22/2017 17:18,1/22/2017 17:18,NULL
65,ARTIFICAL VINEGAR 750ML,ARTIFICAL VINEGAR 750ML,1,1,1,10,1/22/2017 17:18,1/22/2017 17:18,NULL
646,ASAMODAGAM (SPIRIT) 380ML,ASAMODAGAM (SPIRIT) 380ML,1,1,1,10,1/22/2017 17:18,1/22/2017 17:18,NULL
1671,ASPARAGUS 425G NEW,ASPARAGUS 425G NEW,1,1,1,10,1/22/2017 17:18,1/22/2017 17:18,NULL
1609,ASPARAGUS CREAM,ASPARAGUS CREAM,1,1,1,10,1/22/2017 17:18,1/22/2017 17:18,NULL
1599,ASTRA 125G,ASTRA 125G,1,1,1,10,1/22/2017 17:18,1/22/2017 17:18,NULL
552,ASTRA 1KG,ASTRA 1KG,1,1,1,10,1/22/2017 17:18,1/22/2017 17:18,NULL
550,ASTRA 250G,ASTRA 250G,1,1,1,10,1/22/2017 17:18,1/22/2017 17:18,NULL
582,ASTRA 40G,ASTRA 40G,1,1,1,10,1/22/2017 17:18,1/22/2017 17:18,NULL
551,ASTRA 500G,ASTRA 500G,1,1,1,10,1/22/2017 17:18,1/22/2017 17:18,NULL
1046,ASTRA 5KG,ASTRA 5KG,1,1,1,10,1/22/2017 17:18,1/22/2017 17:18,NULL
581,ASTRA PUDDY 8G,ASTRA PUDDY 8G,1,1,1,10,1/22/2017 17:18,1/22/2017 17:18,NULL
979,ATTA AASHIRVAAD,ATTA AASHIRVAAD,1,1,1,10,1/22/2017 17:18,1/22/2017 17:18,NULL
1811,ATTA PILLSBURY,ATTA PILLSBURY,1,1,1,10,1/22/2017 17:18,1/22/2017 17:18,NULL
1758,AVAL RED,AVAL RED,1,1,1,10,1/22/2017 17:18,1/22/2017 17:18,NULL
1113,AVAL WHITE,AVAL WHITE,1,1,1,10,1/22/2017 17:18,1/22/2017 17:18,NULL
1134,B.B.Q SAUCE EDINBOROUGH,B.B.Q SAUCE EDINBOROUGH,1,1,1,10,1/22/2017 17:18,1/22/2017 17:18,NULL
1728,B.B.Q SEASONING 50G,B.B.Q SEASONING 50G,1,1,1,10,1/22/2017 17:18,1/22/2017 17:18,NULL
1899,B.B.Q STICK 12',B.B.Q STICK 12',1,1,1,10,1/22/2017 17:18,1/22/2017 17:18,NULL
742,B.B.Q STIK (100)8',B.B.Q STIK (100)8',1,1,1,10,1/22/2017 17:18,1/22/2017 17:18,NULL
1629,B.B.Q STIK [100] 6',B.B.Q STIK [100] 6',1,1,1,10,1/22/2017 17:18,1/22/2017 17:18,NULL
1682,B.B.Q. STICK (100) 10',B.B.Q. STICK (100) 10',1,1,1,10,1/22/2017 17:18,1/22/2017 17:18,NULL
247,BABY CHERAMY OIL 100ML,BABY CHERAMY OIL 100ML,1,1,1,10,1/22/2017 17:18,1/22/2017 17:18,NULL
455,BABY CHERAMY OIL 50ML,BABY CHERAMY OIL 50ML,1,1,1,10,1/22/2017 17:18,1/22/2017 17:18,NULL
456,BABY CHERAMY OIL HERBALL 100ML,BABY CHERAMY OIL HERBALL 100ML,1,1,1,10,1/22/2017 17:18,1/22/2017 17:18,NULL
333,BABY RUSKS 100G,BABY RUSKS 100G,1,1,1,10,1/22/2017 17:18,1/22/2017 17:18,NULL
332,BABY RUSKS 60G,BABY RUSKS 60G,1,1,1,10,1/22/2017 17:18,1/22/2017 17:18,NULL
1139,BABY SOAP 75*5 CHERAMY,BABY SOAP 75*5 CHERAMY,1,1,1,10,1/22/2017 17:18,1/22/2017 17:18,NULL
535,BABY SOAP 75*5 PEARS,BABY SOAP 75*5 PEARS,1,1,1,10,1/22/2017 17:18,1/22/2017 17:18,NULL
446,BABY SOAP 75G CHERAMY,BABY SOAP 75G CHERAMY,1,1,1,10,1/22/2017 17:18,1/22/2017 17:18,NULL
24,BABY SOAP 75G PEARS,BABY SOAP 75G PEARS,1,1,1,10,1/22/2017 17:18,1/22/2017 17:18,NULL
317,BACKING POWDER 100G DELMEGE,BACKING POWDER 100G DELMEGE,1,1,1,10,1/22/2017 17:18,1/22/2017 17:18,NULL
1575,BACKING POWDER 100G MAURI,BACKING POWDER 100G MAURI,1,1,1,10,1/22/2017 17:18,1/22/2017 17:18,NULL
1431,BACKING POWDER 1KG,BACKING POWDER 1KG,1,1,1,10,1/22/2017 17:18,1/22/2017 17:18,NULL
318,BACKING POWDER 1KG DELMEGE,BACKING POWDER 1KG DELMEGE,1,1,1,10,1/22/2017 17:18,1/22/2017 17:18,NULL
1430,BACKING POWDER 50G,BACKING POWDER 50G,1,1,1,10,1/22/2017 17:18,1/22/2017 17:18,NULL
316,BACKING POWDER 50G DELMEGE,BACKING POWDER 50G DELMEGE,1,1,1,10,1/22/2017 17:18,1/22/2017 17:18,NULL
1014,BAJJI–BONDA POWDER 200G SAKTHI,BAJJI–BONDA POWDER 200G SAKTHI,1,1,1,10,1/22/2017 17:18,1/22/2017 17:18,NULL
491,BAKED BEANS HEINZ 420G,BAKED BEANS HEINZ 420G,1,1,1,10,1/22/2017 17:18,1/22/2017 17:18,NULL
1460,BALL,BALL,1,1,1,10,1/22/2017 17:18,1/22/2017 17:18,NULL
1090,BAMBOOSHOOT 425G,BAMBOOSHOOT 425G,1,1,1,10,1/22/2017 17:18,1/22/2017 17:18,NULL
824,BAR CHOCOLATE 45G KANDOS,BAR CHOCOLATE 45G KANDOS,1,1,1,10,1/22/2017 17:18,1/22/2017 17:18,NULL
1187,BAR CHOCOLATE CASHEW KANDOS,BAR CHOCOLATE CASHEW KANDOS,1,1,1,10,1/22/2017 17:18,1/22/2017 17:18,NULL
1711,BARELY,BARELY,1,1,1,10,1/22/2017 17:18,1/22/2017 17:18,NULL
1499,BASAN,BASAN,1,1,1,10,1/22/2017 17:18,1/22/2017 17:18,NULL
518,BASIL  100G,BASIL  100G,1,1,1,10,1/22/2017 17:18,1/22/2017 17:18,NULL
1681,BASMATI PREMIER,BASMATI PREMIER,1,1,1,10,1/22/2017 17:18,1/22/2017 17:18,NULL
1280,BASSMATI RICE,BASSMATI RICE,1,1,1,10,1/22/2017 17:18,1/22/2017 17:18,NULL
500,BASSMATI SUNBOL RICE,BASSMATI SUNBOL RICE,1,1,1,10,1/22/2017 17:18,1/22/2017 17:18,NULL
1145,BATHI AMRITHA,BATHI AMRITHA,1,1,1,10,1/22/2017 17:18,1/22/2017 17:18,NULL
1633,BATHI BIBA,BATHI BIBA,1,1,1,10,1/22/2017 17:18,1/22/2017 17:18,NULL
1140,BATHI BOBBY,BATHI BOBBY,1,1,1,10,1/22/2017 17:18,1/22/2017 17:18,NULL
1832,BATHI CHITRAMALA,BATHI CHITRAMALA,1,1,1,10,1/22/2017 17:18,1/22/2017 17:18,NULL
1021,BATHI ELEPHANT,BATHI ELEPHANT,1,1,1,10,1/22/2017 17:18,1/22/2017 17:18,NULL
1143,BATHI GIA,BATHI GIA,1,1,1,10,1/22/2017 17:18,1/22/2017 17:18,NULL
1142,BATHI MANGALAM,BATHI MANGALAM,1,1,1,10,1/22/2017 17:18,1/22/2017 17:18,NULL
1687,BATHI OLIAGAR,BATHI OLIAGAR,1,1,1,10,1/22/2017 17:18,1/22/2017 17:18,NULL
1144,BATHI RANGEELA INCENSE STICKS,BATHI RANGEELA INCENSE STICKS,1,1,1,10,1/22/2017 17:18,1/22/2017 17:18,NULL
1833,BATHI SAPTHAMI,BATHI SAPTHAMI,1,1,1,10,1/22/2017 17:18,1/22/2017 17:18,NULL
1141,BATHI SIX O'CLCOK INCENSE STICKS,BATHI SIX O'CLCOK INCENSE STICKS,1,1,1,10,1/22/2017 17:18,1/22/2017 17:18,NULL
831,BATTERY AA,BATTERY AA,1,1,1,10,1/22/2017 17:18,1/22/2017 17:18,NULL
1180,BATTERY AA ALKALINE,BATTERY AA ALKALINE,1,1,1,10,1/22/2017 17:18,1/22/2017 17:18,NULL
1176,BATTERY AAA,BATTERY AAA,1,1,1,10,1/22/2017 17:18,1/22/2017 17:18,NULL
1179,BATTERY AAA ALKALINE,BATTERY AAA ALKALINE,1,1,1,10,1/22/2017 17:18,1/22/2017 17:18,NULL
1407,BATTERY–9W,BATTERY–9W,1,1,1,10,1/22/2017 17:18,1/22/2017 17:18,NULL
1405,BATTERY–L,BATTERY–L,1,1,1,10,1/22/2017 17:18,1/22/2017 17:18,NULL
1406,BATTERY–M,BATTERY–M,1,1,1,10,1/22/2017 17:18,1/22/2017 17:18,NULL
517,BAY LEAVES WHOLE 100G,BAY LEAVES WHOLE 100G,1,1,1,10,1/22/2017 17:18,1/22/2017 17:18,NULL
1359,BAYGON 600ML,BAYGON 600ML,1,1,1,10,1/22/2017 17:18,1/22/2017 17:18,NULL
1916,BAYGON AEROSAL SPRAY 300ML,BAYGON AEROSAL SPRAY 300ML,1,1,1,10,1/22/2017 17:18,1/22/2017 17:18,NULL
334,BEECEE BISCUITS 100G,BEECEE BISCUITS 100G,1,1,1,10,1/22/2017 17:18,1/22/2017 17:18,NULL
1898,BELACAN 240G,BELACAN 240G,1,1,1,10,1/22/2017 17:18,1/22/2017 17:18,NULL
835,BIG 3,BIG 3,1,1,1,10,1/22/2017 17:18,1/22/2017 17:18,NULL
832,BIG EASY 2,BIG EASY 2,1,1,1,10,1/22/2017 17:18,1/22/2017 17:18,NULL
1562,BIG ONION,BIG ONION,1,1,1,10,1/22/2017 17:18,1/22/2017 17:18,NULL
833,BIG ORANGE,BIG ORANGE,1,1,1,10,1/22/2017 17:18,1/22/2017 17:18,NULL
834,BIG WHITE,BIG WHITE,1,1,1,10,1/22/2017 17:18,1/22/2017 17:18,NULL
1657,BIO CLEAN 500ML,BIO CLEAN 500ML,1,1,1,10,1/22/2017 17:18,1/22/2017 17:18,NULL
1660,BIO GLOW PAPAYA MOISTURISING CREAM,BIO GLOW PAPAYA MOISTURISING CREAM,1,1,1,10,1/22/2017 17:18,1/22/2017 17:18,NULL
1674,BIRIYANI MASALA 50G – MA'S,BIRIYANI MASALA 50G – MA'S,1,1,1,10,1/22/2017 17:18,1/22/2017 17:18,NULL
998,BIRIYANI MIX 50G – SAKTHI,BIRIYANI MIX 50G – SAKTHI,1,1,1,10,1/22/2017 17:18,1/22/2017 17:18,NULL
188,BIRIYANI MIX 60G – SHAN,BIRIYANI MIX 60G – SHAN,1,1,1,10,1/22/2017 17:18,1/22/2017 17:18,NULL
1727,BIRIYANI PASTE 50G – MA'S,BIRIYANI PASTE 50G – MA'S,1,1,1,10,1/22/2017 17:18,1/22/2017 17:18,NULL
1422,BIRTH DAY CANDLES,BIRTH DAY CANDLES,1,1,1,10,1/22/2017 17:18,1/22/2017 17:18,NULL
512,BLACK BEANSAUCE 227G,BLACK BEANSAUCE 227G,1,1,1,10,1/22/2017 17:18,1/22/2017 17:18,NULL
1672,BLACK OLIVES 400G,BLACK OLIVES 400G,1,1,1,10,1/22/2017 17:18,1/22/2017 17:18,NULL
1549,BLADE,BLADE,1,1,1,10,1/22/2017 17:18,1/22/2017 17:18,NULL
1950,BLADE BIC,BLADE BIC,1,1,1,10,1/22/2017 17:18,1/22/2017 17:18,NULL
36,BODY LOTION CARROT 50ML,BODY LOTION CARROT 50ML,1,1,1,10,1/22/2017 17:18,1/22/2017 17:18,NULL
233,BODY LOTION PAPAYA 50ML,BODY LOTION PAPAYA 50ML,1,1,1,10,1/22/2017 17:18,1/22/2017 17:18,NULL
1757,BODY LOTION ROSE 50ML,BODY LOTION ROSE 50ML,1,1,1,10,1/22/2017 17:18,1/22/2017 17:18,NULL
466,BONLAC MILK 1KG,BONLAC MILK 1KG,1,1,1,10,1/22/2017 17:18,1/22/2017 17:18,NULL
465,BONLAC MILK 400G,BONLAC MILK 400G,1,1,1,10,1/22/2017 17:18,1/22/2017 17:18,NULL
335,BOURBON 100G,BOURBON 100G,1,1,1,10,1/22/2017 17:18,1/22/2017 17:18,NULL
468,BOURNVITA 500G,BOURNVITA 500G,1,1,1,10,1/22/2017 17:18,1/22/2017 17:18,NULL
336,BRAN CRACKER 240G,BRAN CRACKER 240G,1,1,1,10,1/22/2017 17:18,1/22/2017 17:18,NULL
974,BRASSO 200ML,BRASSO 200ML,1,1,1,10,1/22/2017 17:18,1/22/2017 17:18,NULL
975,BRASSO 500ML,BRASSO 500ML,1,1,1,10,1/22/2017 17:18,1/22/2017 17:18,NULL
973,BRASSO 60ML,BRASSO 60ML,1,1,1,10,1/22/2017 17:18,1/22/2017 17:18,NULL
949,BREAD CRUAM,BREAD CRUAM,1,1,1,10,1/22/2017 17:18,1/22/2017 17:18,NULL
717,BROWN BAG (L),BROWN BAG (L),1,1,1,10,1/22/2017 17:18,1/22/2017 17:18,NULL
98,BROWN BAG (S),BROWN BAG (S),1,1,1,10,1/22/2017 17:18,1/22/2017 17:18,NULL
658,BROWN SUGAR SACHETS,BROWN SUGAR SACHETS,1,1,1,10,1/22/2017 17:18,1/22/2017 17:18,NULL
1064,BROWN SUGER,BROWN SUGER,1,1,1,10,1/22/2017 17:18,1/22/2017 17:18,NULL
1119,BUBBLE GUM (RS:2),BUBBLE GUM (RS:2),1,1,1,10,1/22/2017 17:18,1/22/2017 17:18,NULL
1118,BUBBLE GUM (RS:3),BUBBLE GUM (RS:3),1,1,1,10,1/22/2017 17:18,1/22/2017 17:18,NULL
107,BUBBLES 100G,BUBBLES 100G,1,1,1,10,1/22/2017 17:18,1/22/2017 17:18,NULL
106,BUBBLES 45G,BUBBLES 45G,1,1,1,10,1/22/2017 17:18,1/22/2017 17:18,NULL
1518,BUCKET,BUCKET,1,1,1,10,1/22/2017 17:18,1/22/2017 17:18,NULL
1865,BUDDY MARIE,BUDDY MARIE,1,1,1,10,1/22/2017 17:18,1/22/2017 17:18,NULL
686,BULB CLEAR 100W,BULB CLEAR 100W,1,1,1,10,1/22/2017 17:18,1/22/2017 17:18,NULL
682,BULB CLEAR 25W,BULB CLEAR 25W,1,1,1,10,1/22/2017 17:18,1/22/2017 17:18,NULL
683,BULB CLEAR 40W,BULB CLEAR 40W,1,1,1,10,1/22/2017 17:18,1/22/2017 17:18,NULL
684,BULB CLEAR 60W,BULB CLEAR 60W,1,1,1,10,1/22/2017 17:18,1/22/2017 17:18,NULL
685,BULB CLEAR 75W,BULB CLEAR 75W,1,1,1,10,1/22/2017 17:18,1/22/2017 17:18,NULL
1979,BULP HYBRID,BULP HYBRID,1,1,1,10,1/22/2017 17:18,1/22/2017 17:18,NULL
1647,BUTTER 7G,BUTTER 7G,1,1,1,10,1/22/2017 17:18,1/22/2017 17:18,NULL
996,BUTTER CHILLI,BUTTER CHILLI,1,1,1,10,1/22/2017 17:18,1/22/2017 17:18,NULL
1493,BUTTER MAYA,BUTTER MAYA,1,1,1,10,1/22/2017 17:18,1/22/2017 17:18,NULL
1735,BUTTER MAYA 200G,BUTTER MAYA 200G,1,1,1,10,1/22/2017 17:18,1/22/2017 17:18,NULL
616,BUTTER OIL,BUTTER OIL,1,1,1,10,1/22/2017 17:18,1/22/2017 17:18,NULL
161,CAKE 220G (BUTTER SPONCGE),CAKE 220G (BUTTER SPONCGE),1,1,1,10,1/22/2017 17:18,1/22/2017 17:18,NULL
649,CAKE 310G (TIARA),CAKE 310G (TIARA),1,1,1,10,1/22/2017 17:18,1/22/2017 17:18,NULL
1573,CAKE CHOCALATE ROLL 225G,CAKE CHOCALATE ROLL 225G,1,1,1,10,1/22/2017 17:18,1/22/2017 17:18,NULL
980,CAKE CHOCO–LOG,CAKE CHOCO–LOG,1,1,1,10,1/22/2017 17:18,1/22/2017 17:18,NULL
1572,CAKE CREAM 300G LITTLE LION,CAKE CREAM 300G LITTLE LION,1,1,1,10,1/22/2017 17:18,1/22/2017 17:18,NULL
522,CAKE CUP–WHITE 11.5CM,CAKE CUP–WHITE 11.5CM,1,1,1,10,1/22/2017 17:18,1/22/2017 17:18,NULL
1571,CAKE MADEIRA 250G,CAKE MADEIRA 250G,1,1,1,10,1/22/2017 17:18,1/22/2017 17:18,NULL
124,CAKE SWISSROLL200G,CAKE SWISSROLL200G,1,1,1,10,1/22/2017 17:18,1/22/2017 17:18,NULL
284,CANDLES (S),CANDLES (S),1,1,1,10,1/22/2017 17:18,1/22/2017 17:18,NULL
283,CANDLES(L),CANDLES(L),1,1,1,10,1/22/2017 17:18,1/22/2017 17:18,NULL
1756,CANDY FEEL,CANDY FEEL,1,1,1,10,1/22/2017 17:18,1/22/2017 17:18,NULL
977,CANDY SUGAR,CANDY SUGAR,1,1,1,10,1/22/2017 17:18,1/22/2017 17:18,NULL
837,CANDYMAN TOFFY,CANDYMAN TOFFY,1,1,1,10,1/22/2017 17:18,1/22/2017 17:18,NULL
1309,CANNED FISH 2.840G,CANNED FISH 2.840G,1,1,1,10,1/22/2017 17:18,1/22/2017 17:18,NULL
266,CANNED FISH 425G,CANNED FISH 425G,1,1,1,10,1/22/2017 17:18,1/22/2017 17:18,NULL
938,CANNED FISH ARALIYA 425G,CANNED FISH ARALIYA 425G,1,1,1,10,1/22/2017 17:18,1/22/2017 17:18,NULL
874,CANNED FISH CAPTAIN 425G,CANNED FISH CAPTAIN 425G,1,1,1,10,1/22/2017 17:18,1/22/2017 17:18,NULL
1547,CANNED FISH MEDIUM 230G,CANNED FISH MEDIUM 230G,1,1,1,10,1/22/2017 17:18,1/22/2017 17:18,NULL
1154,CANNED FISH PLAZA 425G,CANNED FISH PLAZA 425G,1,1,1,10,1/22/2017 17:18,1/22/2017 17:18,NULL
875,CANNED FISH PLAZA MEDIUM 230G,CANNED FISH PLAZA MEDIUM 230G,1,1,1,10,1/22/2017 17:18,1/22/2017 17:18,NULL
1680,CANNED FISH PREMIER 425G,CANNED FISH PREMIER 425G,1,1,1,10,1/22/2017 17:18,1/22/2017 17:18,NULL
876,CANNED FISH SMALL 155G,CANNED FISH SMALL 155G,1,1,1,10,1/22/2017 17:18,1/22/2017 17:18,NULL
937,CANNED FISH SUPARE 300G,CANNED FISH SUPARE 300G,1,1,1,10,1/22/2017 17:18,1/22/2017 17:18,NULL
525,CANNED FISH TUNA 185G,CANNED FISH TUNA 185G,1,1,1,10,1/22/2017 17:18,1/22/2017 17:18,NULL
623,CAPERS 141G,CAPERS 141G,1,1,1,10,1/22/2017 17:18,1/22/2017 17:18,NULL
1646,CAPERS IN VINIGER 99G,CAPERS IN VINIGER 99G,1,1,1,10,1/22/2017 17:18,1/22/2017 17:18,NULL
940,CARDAMAN,CARDAMAN,1,1,1,10,1/22/2017 17:18,1/22/2017 17:18,NULL
1886,CARDAMAN POWDER 25G,CARDAMAN POWDER 25G,1,1,1,10,1/22/2017 17:18,1/22/2017 17:18,NULL
1183,CARDAMAN&GLOUS 5G,CARDAMAN&GLOUS 5G,1,1,1,10,1/22/2017 17:18,1/22/2017 17:18,NULL
1589,CARTRIDGES,CARTRIDGES,1,1,1,10,1/22/2017 17:18,1/22/2017 17:18,NULL
1765,CASEWNUT 45G KANDOS,CASEWNUT 45G KANDOS,1,1,1,10,1/22/2017 17:18,1/22/2017 17:18,NULL
744,CASHEW NUT FULL,CASHEW NUT FULL,1,1,1,10,1/22/2017 17:18,1/22/2017 17:18,NULL
745,CASHEW NUT PIECES,CASHEW NUT PIECES,1,1,1,10,1/22/2017 17:18,1/22/2017 17:18,NULL
743,CASHEW NUT PKT,CASHEW NUT PKT,1,1,1,10,1/22/2017 17:18,1/22/2017 17:18,NULL
206,CASHEWNUT 100G KANDOS,CASHEWNUT 100G KANDOS,1,1,1,10,1/22/2017 17:18,1/22/2017 17:18,NULL
1845,CASHEWNUT 160G,CASHEWNUT 160G,1,1,1,10,1/22/2017 17:18,1/22/2017 17:18,NULL
1328,CERELAC (6M) 250G,CERELAC (6M) 250G,1,1,1,10,1/22/2017 17:18,1/22/2017 17:18,NULL
1035,CERELAC REDRICE 250G,CERELAC REDRICE 250G,1,1,1,10,1/22/2017 17:18,1/22/2017 17:18,NULL
1415,CFL 18W,CFL 18W,1,1,1,10,1/22/2017 17:18,1/22/2017 17:18,NULL
1684,CFL 65W,CFL 65W,1,1,1,10,1/22/2017 17:18,1/22/2017 17:18,NULL
1862,CFL ORANGE 11W PIN,CFL ORANGE 11W PIN,1,1,1,10,1/22/2017 17:18,1/22/2017 17:18,NULL
1859,CFL ORANGE 11W SCREW,CFL ORANGE 11W SCREW,1,1,1,10,1/22/2017 17:18,1/22/2017 17:18,NULL
1417,CFL ORANGE 11W SPIRAL,CFL ORANGE 11W SPIRAL,1,1,1,10,1/22/2017 17:18,1/22/2017 17:18,NULL
1624,CFL ORANGE 15W PIN U,CFL ORANGE 15W PIN U,1,1,1,10,1/22/2017 17:18,1/22/2017 17:18,NULL
1416,CFL ORANGE 15W SPIRAL,CFL ORANGE 15W SPIRAL,1,1,1,10,1/22/2017 17:18,1/22/2017 17:18,NULL
1418,CFL ORANGE 20W PIN,CFL ORANGE 20W PIN,1,1,1,10,1/22/2017 17:18,1/22/2017 17:18,NULL
1622,CFL ORANGE 5W PIN (U),CFL ORANGE 5W PIN (U),1,1,1,10,1/22/2017 17:18,1/22/2017 17:18,NULL
1623,CFL ORANGE 5W SCREW,CFL ORANGE 5W SCREW,1,1,1,10,1/22/2017 17:18,1/22/2017 17:18,NULL
1414,CFL ORANGE 5W SPIRAL PIN,CFL ORANGE 5W SPIRAL PIN,1,1,1,10,1/22/2017 17:18,1/22/2017 17:18,NULL
1861,CFL ORANGE 7W SCREW,CFL ORANGE 7W SCREW,1,1,1,10,1/22/2017 17:18,1/22/2017 17:18,NULL
1860,CFL ORANGE 9W SCREW,CFL ORANGE 9W SCREW,1,1,1,10,1/22/2017 17:18,1/22/2017 17:18,NULL
696,CFL PHILIPS 11W PIN,CFL PHILIPS 11W PIN,1,1,1,10,1/22/2017 17:18,1/22/2017 17:18,NULL
698,CFL PHILIPS 12W PIN,CFL PHILIPS 12W PIN,1,1,1,10,1/22/2017 17:18,1/22/2017 17:18,NULL
697,CFL PHILIPS 14W,CFL PHILIPS 14W,1,1,1,10,1/22/2017 17:18,1/22/2017 17:18,NULL
699,CFL PHILIPS 15W PIN,CFL PHILIPS 15W PIN,1,1,1,10,1/22/2017 17:18,1/22/2017 17:18,NULL
700,CFL PHILIPS 20W PIN,CFL PHILIPS 20W PIN,1,1,1,10,1/22/2017 17:18,1/22/2017 17:18,NULL
701,CFL PHILIPS 24W,CFL PHILIPS 24W,1,1,1,10,1/22/2017 17:18,1/22/2017 17:18,NULL
1855,CFL PHILIPS 5W PIN,CFL PHILIPS 5W PIN,1,1,1,10,1/22/2017 17:18,1/22/2017 17:18,NULL
1857,CFL PHILIPS 8W (U) S/SCREW,CFL PHILIPS 8W (U) S/SCREW,1,1,1,10,1/22/2017 17:18,1/22/2017 17:18,NULL
1413,CFL PHILIPS 8W PIN,CFL PHILIPS 8W PIN,1,1,1,10,1/22/2017 17:18,1/22/2017 17:18,NULL
1856,CFL PHILIPS 8W SCREW,CFL PHILIPS 8W SCREW,1,1,1,10,1/22/2017 17:18,1/22/2017 17:18,NULL
1004,CHAAT MASALA 50G,CHAAT MASALA 50G,1,1,1,10,1/22/2017 17:18,1/22/2017 17:18,NULL
237,CHALLANGE 1KG MDK,CHALLANGE 1KG MDK,1,1,1,10,1/22/2017 17:18,1/22/2017 17:18,NULL
1662,CHANDANALEPA 12G,CHANDANALEPA 12G,1,1,1,10,1/22/2017 17:18,1/22/2017 17:18,NULL
895,CHANDANALEPA 20G,CHANDANALEPA 20G,1,1,1,10,1/22/2017 17:18,1/22/2017 17:18,NULL
896,CHANDANALEPA 40G,CHANDANALEPA 40G,1,1,1,10,1/22/2017 17:18,1/22/2017 17:18,NULL
1982,CHAPATI,CHAPATI,1,1,1,10,1/22/2017 17:18,1/22/2017 17:18,NULL
1700,CHARCEALL GRILL MATE,CHARCEALL GRILL MATE,1,1,1,10,1/22/2017 17:18,1/22/2017 17:18,NULL
164,CHARCHOL 3KG,CHARCHOL 3KG,1,1,1,10,1/22/2017 17:18,1/22/2017 17:18,NULL
822,CHASHEWNUT 45G KANDOS,CHASHEWNUT 45G KANDOS,1,1,1,10,1/22/2017 17:18,1/22/2017 17:18,NULL
749,CHEES 176(S) ANCHOR,CHEES 176(S) ANCHOR,1,1,1,10,1/22/2017 17:18,1/22/2017 17:18,NULL
1704,CHEESE (28) ANCHOR,CHEESE (28) ANCHOR,1,1,1,10,1/22/2017 17:18,1/22/2017 17:18,NULL
213,CHEESE 1*44 ANCHOR,CHEESE 1*44 ANCHOR,1,1,1,10,1/22/2017 17:18,1/22/2017 17:18,NULL
337,CHEESE BUTTON 170G,CHEESE BUTTON 170G,1,1,1,10,1/22/2017 17:18,1/22/2017 17:18,NULL
338,CHEESE BUTTON 215G,CHEESE BUTTON 215G,1,1,1,10,1/22/2017 17:18,1/22/2017 17:18,NULL
340,CHEESE CRACKER 100G,CHEESE CRACKER 100G,1,1,1,10,1/22/2017 17:18,1/22/2017 17:18,NULL
339,CHEESE CRACKER 200G,CHEESE CRACKER 200G,1,1,1,10,1/22/2017 17:18,1/22/2017 17:18,NULL
1434,CHEESE EDAM (BOLL CHEES),CHEESE EDAM (BOLL CHEES),1,1,1,10,1/22/2017 17:18,1/22/2017 17:18,NULL
1436,CHEESE GOUDA (BLOCK CHEESE),CHEESE GOUDA (BLOCK CHEESE),1,1,1,10,1/22/2017 17:18,1/22/2017 17:18,NULL
708,CHEESE HAPPY COW,CHEESE HAPPY COW,1,1,1,10,1/22/2017 17:18,1/22/2017 17:18,NULL
1512,CHEESE MILCA 200G,CHEESE MILCA 200G,1,1,1,10,1/22/2017 17:18,1/22/2017 17:18,NULL
1694,CHEESE MOZZ SGREDDED 100G,CHEESE MOZZ SGREDDED 100G,1,1,1,10,1/22/2017 17:18,1/22/2017 17:18,NULL
1613,CHEESE PAMASTERN,CHEESE PAMASTERN,1,1,1,10,1/22/2017 17:18,1/22/2017 17:18,NULL
608,CHEESE SLICES (10 PEACES) 200G,CHEESE SLICES (10 PEACES) 200G,1,1,1,10,1/22/2017 17:18,1/22/2017 17:18,NULL
607,CHEESE SLICES (60 PEACES) 800G,CHEESE SLICES (60 PEACES) 800G,1,1,1,10,1/22/2017 17:18,1/22/2017 17:18,NULL
606,CHEESE SLICES (8 PEACES) 150G,CHEESE SLICES (8 PEACES) 150G,1,1,1,10,1/22/2017 17:18,1/22/2017 17:18,NULL
1677,CHEESE SPREAD 180G,CHEESE SPREAD 180G,1,1,1,10,1/22/2017 17:18,1/22/2017 17:18,NULL
341,CHEEZES 170G,CHEEZES 170G,1,1,1,10,1/22/2017 17:18,1/22/2017 17:18,NULL
621,CHERRY GREEN 28OZ,CHERRY GREEN 28OZ,1,1,1,10,1/22/2017 17:18,1/22/2017 17:18,NULL
625,CHERRY RED 28OZ,CHERRY RED 28OZ,1,1,1,10,1/22/2017 17:18,1/22/2017 17:18,NULL
767,CHICK SHOMPOO 90ML,CHICK SHOMPOO 90ML,1,1,1,10,1/22/2017 17:18,1/22/2017 17:18,NULL
1726,CHICKEN CURRY PASTE 50G,CHICKEN CURRY PASTE 50G,1,1,1,10,1/22/2017 17:18,1/22/2017 17:18,NULL
1008,CHICKEN MASALA 50G,CHICKEN MASALA 50G,1,1,1,10,1/22/2017 17:18,1/22/2017 17:18,NULL
1584,CHICKEN MASALA FREELAN,CHICKEN MASALA FREELAN,1,1,1,10,1/22/2017 17:18,1/22/2017 17:18,NULL
1583,CHICKEN MASALA WIJAY 50G,CHICKEN MASALA WIJAY 50G,1,1,1,10,1/22/2017 17:18,1/22/2017 17:18,NULL
1945,CHICKEN SEAS POWDER 8G,CHICKEN SEAS POWDER 8G,1,1,1,10,1/22/2017 17:18,1/22/2017 17:18,NULL
39,CHICKEN SEASONING 1KG UNILEVER,CHICKEN SEASONING 1KG UNILEVER,1,1,1,10,1/22/2017 17:18,1/22/2017 17:18,NULL
1136,CHICKEN SEASONING 500G EDINBOROUGH,CHICKEN SEASONING 500G EDINBOROUGH,1,1,1,10,1/22/2017 17:18,1/22/2017 17:18,NULL
253,CHICKEN SEASONING 500G MAGGI,CHICKEN SEASONING 500G MAGGI,1,1,1,10,1/22/2017 17:18,1/22/2017 17:18,NULL
1967,CHICKEN SEASONNING 500G UNILEVER,CHICKEN SEASONNING 500G UNILEVER,1,1,1,10,1/22/2017 17:18,1/22/2017 17:18,NULL
1891,CHICKEN STOCK POWDER 100G,CHICKEN STOCK POWDER 100G,1,1,1,10,1/22/2017 17:18,1/22/2017 17:18,NULL
590,CHICKEN–BACK QUARTER,CHICKEN–BACK QUARTER,1,1,1,10,1/22/2017 17:18,1/22/2017 17:18,NULL
15,CHICKEN–BREAST,CHICKEN–BREAST,1,1,1,10,1/22/2017 17:18,1/22/2017 17:18,NULL
591,CHICKEN–DRUMSTICK,CHICKEN–DRUMSTICK,1,1,1,10,1/22/2017 17:18,1/22/2017 17:18,NULL
14,CHICKEN–FULL,CHICKEN–FULL,1,1,1,10,1/22/2017 17:18,1/22/2017 17:18,NULL
16,CHICKEN–THIGH,CHICKEN–THIGH,1,1,1,10,1/22/2017 17:18,1/22/2017 17:18,NULL
1592,CHIEFS HET (CAP),CHIEFS HET (CAP),1,1,1,10,1/22/2017 17:18,1/22/2017 17:18,NULL
1107,CHILLI & GARLIC SAUCE 400GM,CHILLI & GARLIC SAUCE 400GM,1,1,1,10,1/22/2017 17:18,1/22/2017 17:18,NULL
1766,CHILLI PASTE 1KG EDINB0ROUGH,CHILLI PASTE 1KG EDINB0ROUGH,1,1,1,10,1/22/2017 17:18,1/22/2017 17:18,NULL
74,CHILLI PASTE 1KG EDINBOROUGH,CHILLI PASTE 1KG EDINBOROUGH,1,1,1,10,1/22/2017 17:18,1/22/2017 17:18,NULL
75,CHILLI PASTE 325G EDINBOROUGH,CHILLI PASTE 325G EDINBOROUGH,1,1,1,10,1/22/2017 17:18,1/22/2017 17:18,NULL
414,CHILLI PIECES 100G KOTMALE,CHILLI PIECES 100G KOTMALE,1,1,1,10,1/22/2017 17:18,1/22/2017 17:18,NULL
1835,CHILLI PIECES 100G WIJAYA,CHILLI PIECES 100G WIJAYA,1,1,1,10,1/22/2017 17:18,1/22/2017 17:18,NULL
416,CHILLI PIECES 250G KOTMALE,CHILLI PIECES 250G KOTMALE,1,1,1,10,1/22/2017 17:18,1/22/2017 17:18,NULL
1524,CHILLI PIECES 500G KOTMALE,CHILLI PIECES 500G KOTMALE,1,1,1,10,1/22/2017 17:18,1/22/2017 17:18,NULL
239,CHILLI PIECES 500G WIJAYA,CHILLI PIECES 500G WIJAYA,1,1,1,10,1/22/2017 17:18,1/22/2017 17:18,NULL
415,CHILLI PIECES 50G KOTMALE,CHILLI PIECES 50G KOTMALE,1,1,1,10,1/22/2017 17:18,1/22/2017 17:18,NULL
1870,CHILLI PIECES 50G WIJAY,CHILLI PIECES 50G WIJAY,1,1,1,10,1/22/2017 17:18,1/22/2017 17:18,NULL
412,CHILLI POWDER 100G KOTMALE,CHILLI POWDER 100G KOTMALE,1,1,1,10,1/22/2017 17:18,1/22/2017 17:18,NULL
1782,CHILLI POWDER 100G WIJAY,CHILLI POWDER 100G WIJAY,1,1,1,10,1/22/2017 17:18,1/22/2017 17:18,NULL
411,CHILLI POWDER 250G KOTMALE,CHILLI POWDER 250G KOTMALE,1,1,1,10,1/22/2017 17:18,1/22/2017 17:18,NULL
1781,CHILLI POWDER 250G WIJAY,CHILLI POWDER 250G WIJAY,1,1,1,10,1/22/2017 17:18,1/22/2017 17:18,NULL
1523,CHILLI POWDER 500G KOTMALA,CHILLI POWDER 500G KOTMALA,1,1,1,10,1/22/2017 17:18,1/22/2017 17:18,NULL
201,CHILLI POWDER 500G WIJAYA,CHILLI POWDER 500G WIJAYA,1,1,1,10,1/22/2017 17:18,1/22/2017 17:18,NULL
413,CHILLI POWDER 50G KOTMALE,CHILLI POWDER 50G KOTMALE,1,1,1,10,1/22/2017 17:18,1/22/2017 17:18,NULL
1783,CHILLI POWDER 50G WIJAY,CHILLI POWDER 50G WIJAY,1,1,1,10,1/22/2017 17:18,1/22/2017 17:18,NULL
481,CHILLI SAUCE 190G KIST,CHILLI SAUCE 190G KIST,1,1,1,10,1/22/2017 17:18,1/22/2017 17:18,NULL
1164,CHILLI SAUCE 1KG EDINBOROUGH,CHILLI SAUCE 1KG EDINBOROUGH,1,1,1,10,1/22/2017 17:18,1/22/2017 17:18,NULL
807,CHILLI SAUCE 200G MD,CHILLI SAUCE 200G MD,1,1,1,10,1/22/2017 17:18,1/22/2017 17:18,NULL
482,CHILLI SAUCE 375G KIST,CHILLI SAUCE 375G KIST,1,1,1,10,1/22/2017 17:18,1/22/2017 17:18,NULL
806,CHILLI SAUCE 400G MD,CHILLI SAUCE 400G MD,1,1,1,10,1/22/2017 17:18,1/22/2017 17:18,NULL
342,CHO CHIP COOKIES 100G,CHO CHIP COOKIES 100G,1,1,1,10,1/22/2017 17:18,1/22/2017 17:18,NULL
104,CHOC–MO 100G,CHOC–MO 100G,1,1,1,10,1/22/2017 17:18,1/22/2017 17:18,NULL
103,CHOC–MO 40G,CHOC–MO 40G,1,1,1,10,1/22/2017 17:18,1/22/2017 17:18,NULL
210,CHOCO BUDDY 5G KANDOS,CHOCO BUDDY 5G KANDOS,1,1,1,10,1/22/2017 17:18,1/22/2017 17:18,NULL
343,CHOCO CREAM 400G,CHOCO CREAM 400G,1,1,1,10,1/22/2017 17:18,1/22/2017 17:18,NULL
1288,CHOCO PANUT 25G,CHOCO PANUT 25G,1,1,1,10,1/22/2017 17:18,1/22/2017 17:18,NULL
136,CHOCOLATE 100G RS:100,CHOCOLATE 100G RS:100,1,1,1,10,1/22/2017 17:18,1/22/2017 17:18,NULL
168,CHOCOLATE 10G RS:10,CHOCOLATE 10G RS:10,1,1,1,10,1/22/2017 17:18,1/22/2017 17:18,NULL
133,CHOCOLATE 20G RS:20,CHOCOLATE 20G RS:20,1,1,1,10,1/22/2017 17:18,1/22/2017 17:18,NULL
134,CHOCOLATE 30G RS:30,CHOCOLATE 30G RS:30,1,1,1,10,1/22/2017 17:18,1/22/2017 17:18,NULL
1269,CHOCOLATE 37G RS:40,CHOCOLATE 37G RS:40,1,1,1,10,1/22/2017 17:18,1/22/2017 17:18,NULL
135,CHOCOLATE 50G RS:50,CHOCOLATE 50G RS:50,1,1,1,10,1/22/2017 17:18,1/22/2017 17:18,NULL
345,CHOCOLATE CAROLS 100G,CHOCOLATE CAROLS 100G,1,1,1,10,1/22/2017 17:18,1/22/2017 17:18,NULL
344,CHOCOLATE CAROLS 275G,CHOCOLATE CAROLS 275G,1,1,1,10,1/22/2017 17:18,1/22/2017 17:18,NULL
346,CHOCOLATE CREAM 100G,CHOCOLATE CREAM 100G,1,1,1,10,1/22/2017 17:18,1/22/2017 17:18,NULL
347,CHOCOLATE CREAM 400G,CHOCOLATE CREAM 400G,1,1,1,10,1/22/2017 17:18,1/22/2017 17:18,NULL
128,CHOCOLATE FINGERS 100G,CHOCOLATE FINGERS 100G,1,1,1,10,1/22/2017 17:18,1/22/2017 17:18,NULL
129,CHOCOLATE FINGERS 130G,CHOCOLATE FINGERS 130G,1,1,1,10,1/22/2017 17:18,1/22/2017 17:18,NULL
99,CHOCOLATE FINGERS 16G,CHOCOLATE FINGERS 16G,1,1,1,10,1/22/2017 17:18,1/22/2017 17:18,NULL
130,CHOCOLATE FINGERS 200G,CHOCOLATE FINGERS 200G,1,1,1,10,1/22/2017 17:18,1/22/2017 17:18,NULL
126,CHOCOLATE FINGERS 28G,CHOCOLATE FINGERS 28G,1,1,1,10,1/22/2017 17:18,1/22/2017 17:18,NULL
127,CHOCOLATE FINGERS 40G,CHOCOLATE FINGERS 40G,1,1,1,10,1/22/2017 17:18,1/22/2017 17:18,NULL
349,CHOCOLATE MARIE 400G,CHOCOLATE MARIE 400G,1,1,1,10,1/22/2017 17:18,1/22/2017 17:18,NULL
350,CHOCOLATE MARIE 90G,CHOCOLATE MARIE 90G,1,1,1,10,1/22/2017 17:18,1/22/2017 17:18,NULL
351,CHOCOLATE PUFF 100G,CHOCOLATE PUFF 100G,1,1,1,10,1/22/2017 17:18,1/22/2017 17:18,NULL
352,CHOCOLATE PUFF 200G,CHOCOLATE PUFF 200G,1,1,1,10,1/22/2017 17:18,1/22/2017 17:18,NULL
1794,CHOCOLATE S/L FRUIT&NUT,CHOCOLATE S/L FRUIT&NUT,1,1,1,10,1/22/2017 17:18,1/22/2017 17:18,NULL
1793,CHOCOLATE S/L MILK,CHOCOLATE S/L MILK,1,1,1,10,1/22/2017 17:18,1/22/2017 17:18,NULL
987,CHOCOLATE–DUO,CHOCOLATE–DUO,1,1,1,10,1/22/2017 17:18,1/22/2017 17:18,NULL
209,CHOCONUT LARGE 90G KANDOS,CHOCONUT LARGE 90G KANDOS,1,1,1,10,1/22/2017 17:18,1/22/2017 17:18,NULL
207,CHOCONUT MINI 30G KANDOS,CHOCONUT MINI 30G KANDOS,1,1,1,10,1/22/2017 17:18,1/22/2017 17:18,NULL
208,CHOCONUT SMALL 50G KANDOS,CHOCONUT SMALL 50G KANDOS,1,1,1,10,1/22/2017 17:18,1/22/2017 17:18,NULL
1132,CHOCOS 125G,CHOCOS 125G,1,1,1,10,1/22/2017 17:18,1/22/2017 17:18,NULL
603,CHOCOS 27G,CHOCOS 27G,1,1,1,10,1/22/2017 17:18,1/22/2017 17:18,NULL
1089,CHOCOS 375G,CHOCOS 375G,1,1,1,10,1/22/2017 17:18,1/22/2017 17:18,NULL
1098,CHOW CHOW 490G MD,CHOW CHOW 490G MD,1,1,1,10,1/22/2017 17:18,1/22/2017 17:18,NULL
101,CHUNKY CHOC 120G,CHUNKY CHOC 120G,1,1,1,10,1/22/2017 17:18,1/22/2017 17:18,NULL
102,CHUNKY CHOC 200G,CHUNKY CHOC 200G,1,1,1,10,1/22/2017 17:18,1/22/2017 17:18,NULL
100,CHUNKY CHOO TRIO 60G,CHUNKY CHOO TRIO 60G,1,1,1,10,1/22/2017 17:18,1/22/2017 17:18,NULL
1063,CINNAMAN STICK,CINNAMAN STICK,1,1,1,10,1/22/2017 17:18,1/22/2017 17:18,NULL
1809,CINNAMON POWDER 60G,CINNAMON POWDER 60G,1,1,1,10,1/22/2017 17:18,1/22/2017 17:18,NULL
1365,CLAEN&CLEAR 500ML,CLAEN&CLEAR 500ML,1,1,1,10,1/22/2017 17:18,1/22/2017 17:18,NULL
1354,CLAEN&CLEAR FASH WASH 100ML,CLAEN&CLEAR FASH WASH 100ML,1,1,1,10,1/22/2017 17:18,1/22/2017 17:18,NULL
555,CLEAR ICE COOL 90ML,CLEAR ICE COOL 90ML,1,1,1,10,1/22/2017 17:18,1/22/2017 17:18,NULL
561,CLEAR MEN 90ML,CLEAR MEN 90ML,1,1,1,10,1/22/2017 17:18,1/22/2017 17:18,NULL
1454,CLEAR SHAMPOO 6.5ML,CLEAR SHAMPOO 6.5ML,1,1,1,10,1/22/2017 17:18,1/22/2017 17:18,NULL
556,CLEAR WOMEN 90ML,CLEAR WOMEN 90ML,1,1,1,10,1/22/2017 17:18,1/22/2017 17:18,NULL
530,"CLING FILM ""200""""""","CLING FILM ""200""""""",1,1,1,10,1/22/2017 17:18,1/22/2017 17:18,NULL
1701,CLING FILM 300M * 30CM,CLING FILM 300M * 30CM,1,1,1,10,1/22/2017 17:18,1/22/2017 17:18,NULL
1586,CLING FILM 45CM*600CM,CLING FILM 45CM*600CM,1,1,1,10,1/22/2017 17:18,1/22/2017 17:18,NULL
521,CLING FILM–SMALL (45CM*300CM),CLING FILM–SMALL (45CM*300CM),1,1,1,10,1/22/2017 17:18,1/22/2017 17:18,NULL
449,CLOGARD MOUTHWASH 200ML,CLOGARD MOUTHWASH 200ML,1,1,1,10,1/22/2017 17:18,1/22/2017 17:18,NULL
862,CLOGARD TOOTH GEL 40G,CLOGARD TOOTH GEL 40G,1,1,1,10,1/22/2017 17:18,1/22/2017 17:18,NULL
1501,CLOGARD TOOTH PASTE,CLOGARD TOOTH PASTE,1,1,1,10,1/22/2017 17:18,1/22/2017 17:18,NULL
1157,CLOGARD TOOTH PASTE 120G,CLOGARD TOOTH PASTE 120G,1,1,1,10,1/22/2017 17:18,1/22/2017 17:18,NULL
861,CLOGARD TOOTH PASTE 200G,CLOGARD TOOTH PASTE 200G,1,1,1,10,1/22/2017 17:18,1/22/2017 17:18,NULL
860,CLOGARD TOOTH PASTE 40G,CLOGARD TOOTH PASTE 40G,1,1,1,10,1/22/2017 17:18,1/22/2017 17:18,NULL
1158,CLOGARD TOOTH PASTE 70G,CLOGARD TOOTH PASTE 70G,1,1,1,10,1/22/2017 17:18,1/22/2017 17:18,NULL
1317,CLOROX 1L,CLOROX 1L,1,1,1,10,1/22/2017 17:18,1/22/2017 17:18,NULL
1316,CLOROX 500ML,CLOROX 500ML,1,1,1,10,1/22/2017 17:18,1/22/2017 17:18,NULL
51,CLOSEUP 120G,CLOSEUP 120G,1,1,1,10,1/22/2017 17:18,1/22/2017 17:18,NULL
531,CLOSEUP 40G,CLOSEUP 40G,1,1,1,10,1/22/2017 17:18,1/22/2017 17:18,NULL
1567,CLOSEUP 80G,CLOSEUP 80G,1,1,1,10,1/22/2017 17:18,1/22/2017 17:18,NULL
1965,CLOVE POWDER,CLOVE POWDER,1,1,1,10,1/22/2017 17:18,1/22/2017 17:18,NULL
941,CLOVES,CLOVES,1,1,1,10,1/22/2017 17:18,1/22/2017 17:18,NULL
84,COCACOLA 2L PET,COCACOLA 2L PET,1,1,1,10,1/22/2017 17:18,1/22/2017 17:18,NULL
1507,COCACOLA 400ML PET,COCACOLA 400ML PET,1,1,1,10,1/22/2017 17:18,1/22/2017 17:18,NULL
81,COCACOLA 750ML PET,COCACOLA 750ML PET,1,1,1,10,1/22/2017 17:18,1/22/2017 17:18,NULL
498,COCOA PEBBLES CEREAL 290G,COCOA PEBBLES CEREAL 290G,1,1,1,10,1/22/2017 17:18,1/22/2017 17:18,NULL
1130,COCOA POWDER,COCOA POWDER,1,1,1,10,1/22/2017 17:18,1/22/2017 17:18,NULL
1442,COCOA POWDER 100G,COCOA POWDER 100G,1,1,1,10,1/22/2017 17:18,1/22/2017 17:18,NULL
493,COCOA POWDER 1KG EAST–WEST,COCOA POWDER 1KG EAST–WEST,1,1,1,10,1/22/2017 17:18,1/22/2017 17:18,NULL
1432,COCOA POWDER 50G,COCOA POWDER 50G,1,1,1,10,1/22/2017 17:18,1/22/2017 17:18,NULL
1047,COCONUT,COCONUT,1,1,1,10,1/22/2017 17:18,1/22/2017 17:18,NULL
1358,COCONUT MILK POWDER 125G MAGGI,COCONUT MILK POWDER 125G MAGGI,1,1,1,10,1/22/2017 17:18,1/22/2017 17:18,NULL
1028,COCONUT MILK POWDER 1KG MAGGI,COCONUT MILK POWDER 1KG MAGGI,1,1,1,10,1/22/2017 17:18,1/22/2017 17:18,NULL
877,COCONUT MILK POWDER 1KG RENUKA,COCONUT MILK POWDER 1KG RENUKA,1,1,1,10,1/22/2017 17:18,1/22/2017 17:18,NULL
251,COCONUT MILK POWDER 25G,COCONUT MILK POWDER 25G,1,1,1,10,1/22/2017 17:18,1/22/2017 17:18,NULL
878,COCONUT MILK POWDER 300G RENUKA,COCONUT MILK POWDER 300G RENUKA,1,1,1,10,1/22/2017 17:18,1/22/2017 17:18,NULL
1029,COCONUT MILK POWDER 330G MAGGI,COCONUT MILK POWDER 330G MAGGI,1,1,1,10,1/22/2017 17:18,1/22/2017 17:18,NULL
1058,COCONUT OIL 1B,COCONUT OIL 1B,1,1,1,10,1/22/2017 17:18,1/22/2017 17:18,NULL
1578,COCONUT OIL 1L (FORTUNE),COCONUT OIL 1L (FORTUNE),1,1,1,10,1/22/2017 17:18,1/22/2017 17:18,NULL
1375,COCONUT OIL 200ML,COCONUT OIL 200ML,1,1,1,10,1/22/2017 17:18,1/22/2017 17:18,NULL
1059,COCONUT OIL KG,COCONUT OIL KG,1,1,1,10,1/22/2017 17:18,1/22/2017 17:18,NULL
232,COCONUT OIL VIMAL 1KG,COCONUT OIL VIMAL 1KG,1,1,1,10,1/22/2017 17:18,1/22/2017 17:18,NULL
753,COCONUT OIL VIMAL 750ML,COCONUT OIL VIMAL 750ML,1,1,1,10,1/22/2017 17:18,1/22/2017 17:18,NULL
1318,COCONUT VINEGAR 325ML,COCONUT VINEGAR 325ML,1,1,1,10,1/22/2017 17:18,1/22/2017 17:18,NULL
66,COCONUT VINEGAR 750ML,COCONUT VINEGAR 750ML,1,1,1,10,1/22/2017 17:18,1/22/2017 17:18,NULL
1820,COCOUNT OIL 1L TASTYY,COCOUNT OIL 1L TASTYY,1,1,1,10,1/22/2017 17:18,1/22/2017 17:18,NULL
410,COFFEE 100G,COFFEE 100G,1,1,1,10,1/22/2017 17:18,1/22/2017 17:18,NULL
187,COFFEE 200G,COFFEE 200G,1,1,1,10,1/22/2017 17:18,1/22/2017 17:18,NULL
703,COFFEE 20G,COFFEE 20G,1,1,1,10,1/22/2017 17:18,1/22/2017 17:18,NULL
702,COFFEE 50G,COFFEE 50G,1,1,1,10,1/22/2017 17:18,1/22/2017 17:18,NULL
657,COFFEE CREAMER SACHETS,COFFEE CREAMER SACHETS,1,1,1,10,1/22/2017 17:18,1/22/2017 17:18,NULL
1178,COFFEE MATE,COFFEE MATE,1,1,1,10,1/22/2017 17:18,1/22/2017 17:18,NULL
970,COLMANS ORANGE 140GM,COLMANS ORANGE 140GM,1,1,1,10,1/22/2017 17:18,1/22/2017 17:18,NULL
969,COLMANS ORANGE 20GM,COLMANS ORANGE 20GM,1,1,1,10,1/22/2017 17:18,1/22/2017 17:18,NULL
1307,COLMANS ORANGE 500G,COLMANS ORANGE 500G,1,1,1,10,1/22/2017 17:18,1/22/2017 17:18,NULL
1631,COLOGNE ABSOLUTE BLUE 22ML,COLOGNE ABSOLUTE BLUE 22ML,1,1,1,10,1/22/2017 17:18,1/22/2017 17:18,NULL
244,COLOGNE BABY CHERAMY 100ML,COLOGNE BABY CHERAMY 100ML,1,1,1,10,1/22/2017 17:18,1/22/2017 17:18,NULL
1606,COLOGNE BABY CHERAMY 100ML*3,COLOGNE BABY CHERAMY 100ML*3,1,1,1,10,1/22/2017 17:18,1/22/2017 17:18,NULL
1345,COLOGNE BABY CHERAMY 200ML,COLOGNE BABY CHERAMY 200ML,1,1,1,10,1/22/2017 17:18,1/22/2017 17:18,NULL
445,COLOGNE BABY CHERAMY 50ML,COLOGNE BABY CHERAMY 50ML,1,1,1,10,1/22/2017 17:18,1/22/2017 17:18,NULL
1722,COLOGNE CHARLE,COLOGNE CHARLE,1,1,1,10,1/22/2017 17:18,1/22/2017 17:18,NULL
762,COLOGNE KHOMBA BABY 100ML,COLOGNE KHOMBA BABY 100ML,1,1,1,10,1/22/2017 17:18,1/22/2017 17:18,NULL
763,COLOGNE KHOMBA BABY 50ML,COLOGNE KHOMBA BABY 50ML,1,1,1,10,1/22/2017 17:18,1/22/2017 17:18,NULL
53,COLOGNE PEARS BABY 100ML,COLOGNE PEARS BABY 100ML,1,1,1,10,1/22/2017 17:18,1/22/2017 17:18,NULL
1840,COLOGNE PEARS BABY 50ML,COLOGNE PEARS BABY 50ML,1,1,1,10,1/22/2017 17:18,1/22/2017 17:18,NULL
1763,COLOGNE SPRAY BLACK KNIGHT 50ML,COLOGNE SPRAY BLACK KNIGHT 50ML,1,1,1,10,1/22/2017 17:18,1/22/2017 17:18,NULL
1376,COLOGNE SPRAY BLACK&KNIGHT 100ML,COLOGNE SPRAY BLACK&KNIGHT 100ML,1,1,1,10,1/22/2017 17:18,1/22/2017 17:18,NULL
673,COLOURING APPLE GREEN 28ML RASARCO,COLOURING APPLE GREEN 28ML RASARCO,1,1,1,10,1/22/2017 17:18,1/22/2017 17:18,NULL
1896,COLOURING APPLE GREEN 28ML SCAN,COLOURING APPLE GREEN 28ML SCAN,1,1,1,10,1/22/2017 17:18,1/22/2017 17:18,NULL
679,COLOURING BARNEY PURPLE 28ML RASARCO,COLOURING BARNEY PURPLE 28ML RASARCO,1,1,1,10,1/22/2017 17:18,1/22/2017 17:18,NULL
681,COLOURING BLACK 28ML RASARCO,COLOURING BLACK 28ML RASARCO,1,1,1,10,1/22/2017 17:18,1/22/2017 17:18,NULL
305,COLOURING BLUE 28ML DELMEGE,COLOURING BLUE 28ML DELMEGE,1,1,1,10,1/22/2017 17:18,1/22/2017 17:18,NULL
675,COLOURING BLUE 28ML RASARCO,COLOURING BLUE 28ML RASARCO,1,1,1,10,1/22/2017 17:18,1/22/2017 17:18,NULL
306,COLOURING BROWN 28ML DELMEGE,COLOURING BROWN 28ML DELMEGE,1,1,1,10,1/22/2017 17:18,1/22/2017 17:18,NULL
678,COLOURING BROWN 28ML RASARCO,COLOURING BROWN 28ML RASARCO,1,1,1,10,1/22/2017 17:18,1/22/2017 17:18,NULL
503,COLOURING COCHINEAL 28ML,COLOURING COCHINEAL 28ML,1,1,1,10,1/22/2017 17:18,1/22/2017 17:18,NULL
1951,COLOURING COCHINEAL 28ML S/B,COLOURING COCHINEAL 28ML S/B,1,1,1,10,1/22/2017 17:18,1/22/2017 17:18,NULL
303,COLOURING EGG YELLOW 28ML DELMEGE,COLOURING EGG YELLOW 28ML DELMEGE,1,1,1,10,1/22/2017 17:18,1/22/2017 17:18,NULL
3033,COLOURING EGG YELLOW 28ML DELMEGE,COLOURING EGG YELLOW 28ML DELMEGE,1,1,1,10,1/22/2017 17:18,1/22/2017 17:18,NULL
301,COLOURING GREEN 28ML DELMEGE,COLOURING GREEN 28ML DELMEGE,1,1,1,10,1/22/2017 17:18,1/22/2017 17:18,NULL
674,COLOURING GREEN 28ML RASARCO,COLOURING GREEN 28ML RASARCO,1,1,1,10,1/22/2017 17:18,1/22/2017 17:18,NULL
676,COLOURING LEMON YELLOW 28ML RASARCO,COLOURING LEMON YELLOW 28ML RASARCO,1,1,1,10,1/22/2017 17:18,1/22/2017 17:18,NULL
677,COLOURING ORANGE 28ML RASARCO,COLOURING ORANGE 28ML RASARCO,1,1,1,10,1/22/2017 17:18,1/22/2017 17:18,NULL
680,COLOURING PILLAR BOX RED 28ML RASARCO,COLOURING PILLAR BOX RED 28ML RASARCO,1,1,1,10,1/22/2017 17:18,1/22/2017 17:18,NULL
1555,COLOURING POINTING 500G,COLOURING POINTING 500G,1,1,1,10,1/22/2017 17:18,1/22/2017 17:18,NULL
1171,COLOURING PUPLE 28ML RASARCO,COLOURING PUPLE 28ML RASARCO,1,1,1,10,1/22/2017 17:18,1/22/2017 17:18,NULL
300,COLOURING RED 28ML DELMEGE,COLOURING RED 28ML DELMEGE,1,1,1,10,1/22/2017 17:18,1/22/2017 17:18,NULL
304,COLOURING ROSE PINK 28ML DELMEGE,COLOURING ROSE PINK 28ML DELMEGE,1,1,1,10,1/22/2017 17:18,1/22/2017 17:18,NULL
302,COLOURING YELLOW 28ML DELMEGE,COLOURING YELLOW 28ML DELMEGE,1,1,1,10,1/22/2017 17:18,1/22/2017 17:18,NULL
577,COMFORT 200ML,COMFORT 200ML,1,1,1,10,1/22/2017 17:18,1/22/2017 17:18,NULL
574,COMFORT 20ML,COMFORT 20ML,1,1,1,10,1/22/2017 17:18,1/22/2017 17:18,NULL
757,COMFORT 5L,COMFORT 5L,1,1,1,10,1/22/2017 17:18,1/22/2017 17:18,NULL
575,COMFORT 800ML GREEN,COMFORT 800ML GREEN,1,1,1,10,1/22/2017 17:18,1/22/2017 17:18,NULL
578,COMFORT 800ML PINK,COMFORT 800ML PINK,1,1,1,10,1/22/2017 17:18,1/22/2017 17:18,NULL
1830,COMFORT 800ML ULTRA,COMFORT 800ML ULTRA,1,1,1,10,1/22/2017 17:18,1/22/2017 17:18,NULL
576,COMFORT 90ML,COMFORT 90ML,1,1,1,10,1/22/2017 17:18,1/22/2017 17:18,NULL
1644,COMFORT SOFTLAN 1L,COMFORT SOFTLAN 1L,1,1,1,10,1/22/2017 17:18,1/22/2017 17:18,NULL
1121,COMFORT SOFTLAN 2L,COMFORT SOFTLAN 2L,1,1,1,10,1/22/2017 17:18,1/22/2017 17:18,NULL
1022,COMPHOR(SOODAM),COMPHOR(SOODAM),1,1,1,10,1/22/2017 17:18,1/22/2017 17:18,NULL
1659,COOKING CHOCOLATE A 1KG,COOKING CHOCOLATE A 1KG,1,1,1,10,1/22/2017 17:18,1/22/2017 17:18,NULL
154,COOKING CHOCOLATE DARK 1.8KG,COOKING CHOCOLATE DARK 1.8KG,1,1,1,10,1/22/2017 17:18,1/22/2017 17:18,NULL
1645,COOKING CHOCOLATE DARK 1KG EAST–WEST,COOKING CHOCOLATE DARK 1KG EAST–WEST,1,1,1,10,1/22/2017 17:18,1/22/2017 17:18,NULL
153,COOKING CHOCOLATE DARK 400G,COOKING CHOCOLATE DARK 400G,1,1,1,10,1/22/2017 17:18,1/22/2017 17:18,NULL
1272,COOKING CHOCOLATE G–A 200G,COOKING CHOCOLATE G–A 200G,1,1,1,10,1/22/2017 17:18,1/22/2017 17:18,NULL
1271,COOKING CHOCOLATE G–B 1KG,COOKING CHOCOLATE G–B 1KG,1,1,1,10,1/22/2017 17:18,1/22/2017 17:18,NULL
1593,COOKING CHOCOLATE WHITE 1.8 KG,COOKING CHOCOLATE WHITE 1.8 KG,1,1,1,10,1/22/2017 17:18,1/22/2017 17:18,NULL
1458,COOL PERFUME 2.5ML,COOL PERFUME 2.5ML,1,1,1,10,1/22/2017 17:18,1/22/2017 17:18,NULL
1787,COOLY,COOLY,1,1,1,10,1/22/2017 17:18,1/22/2017 17:18,NULL
1045,CORDIAL LIME 750ML MD,CORDIAL LIME 750ML MD,1,1,1,10,1/22/2017 17:18,1/22/2017 17:18,NULL
1867,CORDIAL MANGO 750ML KIST,CORDIAL MANGO 750ML KIST,1,1,1,10,1/22/2017 17:18,1/22/2017 17:18,NULL
797,CORDIAL MANGO 750ML MD,CORDIAL MANGO 750ML MD,1,1,1,10,1/22/2017 17:18,1/22/2017 17:18,NULL
469,CORDIAL MIX FRUIT 750ML KIST,CORDIAL MIX FRUIT 750ML KIST,1,1,1,10,1/22/2017 17:18,1/22/2017 17:18,NULL
1302,CORDIAL MIXED FRUIT 400ML MD,CORDIAL MIXED FRUIT 400ML MD,1,1,1,10,1/22/2017 17:18,1/22/2017 17:18,NULL
798,CORDIAL MIXED FRUIT 750ML MD,CORDIAL MIXED FRUIT 750ML MD,1,1,1,10,1/22/2017 17:18,1/22/2017 17:18,NULL
799,CORDIAL NELLI 750ML MD,CORDIAL NELLI 750ML MD,1,1,1,10,1/22/2017 17:18,1/22/2017 17:18,NULL
1300,CORDIAL ORANGE 400ML MD,CORDIAL ORANGE 400ML MD,1,1,1,10,1/22/2017 17:18,1/22/2017 17:18,NULL
471,CORDIAL ORANGE 750ML KIST,CORDIAL ORANGE 750ML KIST,1,1,1,10,1/22/2017 17:18,1/22/2017 17:18,NULL
802,CORDIAL ORANGE 750ML MD,CORDIAL ORANGE 750ML MD,1,1,1,10,1/22/2017 17:18,1/22/2017 17:18,NULL
1303,CORDIAL ORANGE/MIXED FRUIT 2L,CORDIAL ORANGE/MIXED FRUIT 2L,1,1,1,10,1/22/2017 17:18,1/22/2017 17:18,NULL
1301,CORDIAL PASSION FRUIT 400ML MD,CORDIAL PASSION FRUIT 400ML MD,1,1,1,10,1/22/2017 17:18,1/22/2017 17:18,NULL
470,CORDIAL PASSION FRUIT 750ML KIST,CORDIAL PASSION FRUIT 750ML KIST,1,1,1,10,1/22/2017 17:18,1/22/2017 17:18,NULL
800,CORDIAL PASSION FRUIT 750ML MD,CORDIAL PASSION FRUIT 750ML MD,1,1,1,10,1/22/2017 17:18,1/22/2017 17:18,NULL
801,CORDIAL PINEAPPLE 750ML MD,CORDIAL PINEAPPLE 750ML MD,1,1,1,10,1/22/2017 17:18,1/22/2017 17:18,NULL
1308,CORDIAL POWDER,CORDIAL POWDER,1,1,1,10,1/22/2017 17:18,1/22/2017 17:18,NULL
958,CORIANDER SEEDS,CORIANDER SEEDS,1,1,1,10,1/22/2017 17:18,1/22/2017 17:18,NULL
952,CORN,CORN,1,1,1,10,1/22/2017 17:18,1/22/2017 17:18,NULL
1131,CORN FLAKES 100G,CORN FLAKES 100G,1,1,1,10,1/22/2017 17:18,1/22/2017 17:18,NULL
626,CORN FLAKES 18OZ,CORN FLAKES 18OZ,1,1,1,10,1/22/2017 17:18,1/22/2017 17:18,NULL
1087,CORN FLAKES 250G,CORN FLAKES 250G,1,1,1,10,1/22/2017 17:18,1/22/2017 17:18,NULL
1453,CORN FLAKES 25G,CORN FLAKES 25G,1,1,1,10,1/22/2017 17:18,1/22/2017 17:18,NULL
1605,CORN FLOUR  PAKET,CORN FLOUR  PAKET,1,1,1,10,1/22/2017 17:18,1/22/2017 17:18,NULL
314,CORN FLOUR 100G DELMEGE,CORN FLOUR 100G DELMEGE,1,1,1,10,1/22/2017 17:18,1/22/2017 17:18,NULL
1670,CORN FLOUR 100G MD,CORN FLOUR 100G MD,1,1,1,10,1/22/2017 17:18,1/22/2017 17:18,NULL
315,CORN FLOUR 200G DELMEGE,CORN FLOUR 200G DELMEGE,1,1,1,10,1/22/2017 17:18,1/22/2017 17:18,NULL
499,CORN FLOUR(LOOSE),CORN FLOUR(LOOSE),1,1,1,10,1/22/2017 17:18,1/22/2017 17:18,NULL
463,COTTON BUDS,COTTON BUDS,1,1,1,10,1/22/2017 17:18,1/22/2017 17:18,NULL
1327,COTTON BUDS,COTTON BUDS,1,1,1,10,1/22/2017 17:18,1/22/2017 17:18,NULL
211,COW&GAT 400G,COW&GAT 400G,1,1,1,10,1/22/2017 17:18,1/22/2017 17:18,NULL
1188,CRACKER JACK 45G,CRACKER JACK 45G,1,1,1,10,1/22/2017 17:18,1/22/2017 17:18,NULL
353,CREAM BISCUITS 400G CBL,CREAM BISCUITS 400G CBL,1,1,1,10,1/22/2017 17:18,1/22/2017 17:18,NULL
516,CREAM CORN  425G,CREAM CORN  425G,1,1,1,10,1/22/2017 17:18,1/22/2017 17:18,NULL
433,CREAM SODA 1.5L PET,CREAM SODA 1.5L PET,1,1,1,10,1/22/2017 17:18,1/22/2017 17:18,NULL
1954,CREAM SODA 300ML,CREAM SODA 300ML,1,1,1,10,1/22/2017 17:18,1/22/2017 17:18,NULL
711,CREAM SODA 500ML PET C,CREAM SODA 500ML PET C,1,1,1,10,1/22/2017 17:18,1/22/2017 17:18,NULL
437,CREAM SODA 500ML PET E,CREAM SODA 500ML PET E,1,1,1,10,1/22/2017 17:18,1/22/2017 17:18,NULL
245,CREAM*BABY CHERAMY 100ML,CREAM*BABY CHERAMY 100ML,1,1,1,10,1/22/2017 17:18,1/22/2017 17:18,NULL
246,CREAM*BABY CHERAMY 200ML,CREAM*BABY CHERAMY 200ML,1,1,1,10,1/22/2017 17:18,1/22/2017 17:18,NULL
454,CREAM*BABY CHERAMY 400ML,CREAM*BABY CHERAMY 400ML,1,1,1,10,1/22/2017 17:18,1/22/2017 17:18,NULL
1349,CREAM*BABY CHERAMY 50ML,CREAM*BABY CHERAMY 50ML,1,1,1,10,1/22/2017 17:18,1/22/2017 17:18,NULL
761,CREAM*KHOMBA BABY 100ML,CREAM*KHOMBA BABY 100ML,1,1,1,10,1/22/2017 17:18,1/22/2017 17:18,NULL
1464,CREAM*PEARS BABY 100ML,CREAM*PEARS BABY 100ML,1,1,1,10,1/22/2017 17:18,1/22/2017 17:18,NULL
42,CREAM*PEARS BABY 200ML,CREAM*PEARS BABY 200ML,1,1,1,10,1/22/2017 17:18,1/22/2017 17:18,NULL
1812,CREAM*PEARS BABY 50ML,CREAM*PEARS BABY 50ML,1,1,1,10,1/22/2017 17:18,1/22/2017 17:18,NULL
354,CRUNCH BISCUITS 120G,CRUNCH BISCUITS 120G,1,1,1,10,1/22/2017 17:18,1/22/2017 17:18,NULL
355,CRUNCH BISCUITS 60G,CRUNCH BISCUITS 60G,1,1,1,10,1/22/2017 17:18,1/22/2017 17:18,NULL
357,CRUNCHEE CAROL 275G,CRUNCHEE CAROL 275G,1,1,1,10,1/22/2017 17:18,1/22/2017 17:18,NULL
356,CRUNGHEE CAROL 100G,CRUNGHEE CAROL 100G,1,1,1,10,1/22/2017 17:18,1/22/2017 17:18,NULL
1275,CUMMIN SEED 100G,CUMMIN SEED 100G,1,1,1,10,1/22/2017 17:18,1/22/2017 17:18,NULL
954,CUMMIN SEEDS,CUMMIN SEEDS,1,1,1,10,1/22/2017 17:18,1/22/2017 17:18,NULL
900,CUP DISTOSADLE 150ML,CUP DISTOSADLE 150ML,1,1,1,10,1/22/2017 17:18,1/22/2017 17:18,NULL
78,CURD 1L RICH LIFE,CURD 1L RICH LIFE,1,1,1,10,1/22/2017 17:18,1/22/2017 17:18,NULL
77,CURD 500ML RICH LIFE,CURD 500ML RICH LIFE,1,1,1,10,1/22/2017 17:18,1/22/2017 17:18,NULL
1075,CURD CREAMY 1L,CURD CREAMY 1L,1,1,1,10,1/22/2017 17:18,1/22/2017 17:18,NULL
419,CURRY POWDER 100G KOTMALE,CURRY POWDER 100G KOTMALE,1,1,1,10,1/22/2017 17:18,1/22/2017 17:18,NULL
1785,CURRY POWDER 100G WIJAYA,CURRY POWDER 100G WIJAYA,1,1,1,10,1/22/2017 17:18,1/22/2017 17:18,NULL
418,CURRY POWDER 250G KOTMALE,CURRY POWDER 250G KOTMALE,1,1,1,10,1/22/2017 17:18,1/22/2017 17:18,NULL
1784,CURRY POWDER 250G WIJAYA,CURRY POWDER 250G WIJAYA,1,1,1,10,1/22/2017 17:18,1/22/2017 17:18,NULL
417,CURRY POWDER 500G KOTMALE,CURRY POWDER 500G KOTMALE,1,1,1,10,1/22/2017 17:18,1/22/2017 17:18,NULL
202,CURRY POWDER 500G WIJAYA,CURRY POWDER 500G WIJAYA,1,1,1,10,1/22/2017 17:18,1/22/2017 17:18,NULL
420,CURRY POWDER 50G KOTMALE,CURRY POWDER 50G KOTMALE,1,1,1,10,1/22/2017 17:18,1/22/2017 17:18,NULL
1786,CURRY POWDER 50G WIJAYA,CURRY POWDER 50G WIJAYA,1,1,1,10,1/22/2017 17:18,1/22/2017 17:18,NULL
313,CUSTARD 340G DELMEGE,CUSTARD 340G DELMEGE,1,1,1,10,1/22/2017 17:18,1/22/2017 17:18,NULL
358,CUSTARD CREAM 100G,CUSTARD CREAM 100G,1,1,1,10,1/22/2017 17:18,1/22/2017 17:18,NULL
1438,CUSTARD POWDER 100G,CUSTARD POWDER 100G,1,1,1,10,1/22/2017 17:18,1/22/2017 17:18,NULL
1752,CUSTARD POWDER 100G BANANA,CUSTARD POWDER 100G BANANA,1,1,1,10,1/22/2017 17:18,1/22/2017 17:18,NULL
1753,CUSTARD POWDER 100G STRAWBERRY,CUSTARD POWDER 100G STRAWBERRY,1,1,1,10,1/22/2017 17:18,1/22/2017 17:18,NULL
1392,CUSTARD POWDER 500G,CUSTARD POWDER 500G,1,1,1,10,1/22/2017 17:18,1/22/2017 17:18,NULL
312,CUSTARD VANILLA 100G,CUSTARD VANILLA 100G,1,1,1,10,1/22/2017 17:18,1/22/2017 17:18,NULL
1161,DAILY MILK ACTIV 200ML,DAILY MILK ACTIV 200ML,1,1,1,10,1/22/2017 17:18,1/22/2017 17:18,NULL
1160,DAILY MILK CHOCOLATE 200ML,DAILY MILK CHOCOLATE 200ML,1,1,1,10,1/22/2017 17:18,1/22/2017 17:18,NULL
706,DAILY MILK VANILLA 200ML,DAILY MILK VANILLA 200ML,1,1,1,10,1/22/2017 17:18,1/22/2017 17:18,NULL
1559,DANDEX 6.5ML,DANDEX 6.5ML,1,1,1,10,1/22/2017 17:18,1/22/2017 17:18,NULL
458,DANDEX FAMILY SHAMPOO 100ML,DANDEX FAMILY SHAMPOO 100ML,1,1,1,10,1/22/2017 17:18,1/22/2017 17:18,NULL
459,DANDEX FAMILY SHAMPOO 200ML,DANDEX FAMILY SHAMPOO 200ML,1,1,1,10,1/22/2017 17:18,1/22/2017 17:18,NULL
461,DANDEX PLUS SHAMPOO 100ML,DANDEX PLUS SHAMPOO 100ML,1,1,1,10,1/22/2017 17:18,1/22/2017 17:18,NULL
460,DANDEX PLUS SHAMPOO 200ML,DANDEX PLUS SHAMPOO 200ML,1,1,1,10,1/22/2017 17:18,1/22/2017 17:18,NULL
1077,DANTAMUITANG TOOTH POWDER,DANTAMUITANG TOOTH POWDER,1,1,1,10,1/22/2017 17:18,1/22/2017 17:18,NULL
510,DARK SOYA SAUCE  640ML,DARK SOYA SAUCE  640ML,1,1,1,10,1/22/2017 17:18,1/22/2017 17:18,NULL
1026,DATES,DATES,1,1,1,10,1/22/2017 17:18,1/22/2017 17:18,NULL
1546,DATES NO 01BOX,DATES NO 01BOX,1,1,1,10,1/22/2017 17:18,1/22/2017 17:18,NULL
1115,DELTA TOFFEE(RS:3),DELTA TOFFEE(RS:3),1,1,1,10,1/22/2017 17:18,1/22/2017 17:18,NULL
1724,DEMEGE RICE,DEMEGE RICE,1,1,1,10,1/22/2017 17:18,1/22/2017 17:18,NULL
894,DEMIGLACE  1KG,DEMIGLACE  1KG,1,1,1,10,1/22/2017 17:18,1/22/2017 17:18,NULL
1635,DESICATED COCONUT,DESICATED COCONUT,1,1,1,10,1/22/2017 17:18,1/22/2017 17:18,NULL
961,DETTOL LIQID 500ML,DETTOL LIQID 500ML,1,1,1,10,1/22/2017 17:18,1/22/2017 17:18,NULL
224,DETTOL LIQUID 110ML,DETTOL LIQUID 110ML,1,1,1,10,1/22/2017 17:18,1/22/2017 17:18,NULL
1363,DETTOL LIQUID 200ML,DETTOL LIQUID 200ML,1,1,1,10,1/22/2017 17:18,1/22/2017 17:18,NULL
1296,DETTOL LIQUID 210ML,DETTOL LIQUID 210ML,1,1,1,10,1/22/2017 17:18,1/22/2017 17:18,NULL
225,DETTOL LIQUID 60ML,DETTOL LIQUID 60ML,1,1,1,10,1/22/2017 17:18,1/22/2017 17:18,NULL
971,DETTOL PLASTER RECKIT,DETTOL PLASTER RECKIT,1,1,1,10,1/22/2017 17:18,1/22/2017 17:18,NULL
960,DETTOL SOAP 70G,DETTOL SOAP 70G,1,1,1,10,1/22/2017 17:18,1/22/2017 17:18,NULL
1725,DEVILLED PASTE 60G,DEVILLED PASTE 60G,1,1,1,10,1/22/2017 17:18,1/22/2017 17:18,NULL
1041,DHALL,DHALL,1,1,1,10,1/22/2017 17:18,1/22/2017 17:18,NULL
931,DHALL  (NO:1),DHALL  (NO:1),1,1,1,10,1/22/2017 17:18,1/22/2017 17:18,NULL
359,DIGESTIVE 125G,DIGESTIVE 125G,1,1,1,10,1/22/2017 17:18,1/22/2017 17:18,NULL
241,DILL SEED 100G KOTMALE (FENUGREEK),DILL SEED 100G KOTMALE (FENUGREEK),1,1,1,10,1/22/2017 17:18,1/22/2017 17:18,NULL
956,DILL SEEDS(FENUGREEK),DILL SEEDS(FENUGREEK),1,1,1,10,1/22/2017 17:18,1/22/2017 17:18,NULL
1043,DIMAI PAPER,DIMAI PAPER,1,1,1,10,1/22/2017 17:18,1/22/2017 17:18,NULL
760,DISHWASH MANUAL 5L,DISHWASH MANUAL 5L,1,1,1,10,1/22/2017 17:18,1/22/2017 17:18,NULL
1395,DISPRIN,DISPRIN,1,1,1,10,1/22/2017 17:18,1/22/2017 17:18,NULL
1116,DIVA DETERGEND POWDER  400G,DIVA DETERGEND POWDER  400G,1,1,1,10,1/22/2017 17:18,1/22/2017 17:18,NULL
858,DIVA DETERGEND POWDER 1KG,DIVA DETERGEND POWDER 1KG,1,1,1,10,1/22/2017 17:18,1/22/2017 17:18,NULL
579,DOMEX 500ML,DOMEX 500ML,1,1,1,10,1/22/2017 17:18,1/22/2017 17:18,NULL
1456,DOMEX 6ML,DOMEX 6ML,1,1,1,10,1/22/2017 17:18,1/22/2017 17:18,NULL
562,DOVE 90ML,DOVE 90ML,1,1,1,10,1/22/2017 17:18,1/22/2017 17:18,NULL
1404,DOYLEYS PAPER 155MM–250P,DOYLEYS PAPER 155MM–250P,1,1,1,10,1/22/2017 17:18,1/22/2017 17:18,NULL
1917,DRAIN CLEANER 50G,DRAIN CLEANER 50G,1,1,1,10,1/22/2017 17:18,1/22/2017 17:18,NULL
1716,DRINKING–CHOCOLATE–500GM,DRINKING–CHOCOLATE–500GM,1,1,1,10,1/22/2017 17:18,1/22/2017 17:18,NULL
930,DRY CHILLI,DRY CHILLI,1,1,1,10,1/22/2017 17:18,1/22/2017 17:18,NULL
1494,DRY FISH,DRY FISH,1,1,1,10,1/22/2017 17:18,1/22/2017 17:18,NULL
589,DRY FISH POWDER MIX 8G,DRY FISH POWDER MIX 8G,1,1,1,10,1/22/2017 17:18,1/22/2017 17:18,NULL
1552,DUSTER,DUSTER,1,1,1,10,1/22/2017 17:18,1/22/2017 17:18,NULL
228,EDINBORUGH TOMATO SAUCE 1KG,EDINBORUGH TOMATO SAUCE 1KG,1,1,1,10,1/22/2017 17:18,1/22/2017 17:18,NULL
1821,EGG RED,EGG RED,1,1,1,10,1/22/2017 17:18,1/22/2017 17:18,NULL
89,EGG WHITE,EGG WHITE,1,1,1,10,1/22/2017 17:18,1/22/2017 17:18,NULL
440,ELEPHANT HOUSE GINGER BEER 500ML PET,ELEPHANT HOUSE GINGER BEER 500ML PET,1,1,1,10,1/22/2017 17:18,1/22/2017 17:18,NULL
1396,ENO,ENO,1,1,1,10,1/22/2017 17:18,1/22/2017 17:18,NULL
1343,ENVELOP–L,ENVELOP–L,1,1,1,10,1/22/2017 17:18,1/22/2017 17:18,NULL
1344,ENVELOP–S,ENVELOP–S,1,1,1,10,1/22/2017 17:18,1/22/2017 17:18,NULL
1915,ESSENCE ROSE 200ML,ESSENCE ROSE 200ML,1,1,1,10,1/22/2017 17:18,1/22/2017 17:18,NULL
1914,ESSENCE SWEET ALMOND 200ML,ESSENCE SWEET ALMOND 200ML,1,1,1,10,1/22/2017 17:18,1/22/2017 17:18,NULL
294,ESSENCES ALMOND 28ML DELMEGE,ESSENCES ALMOND 28ML DELMEGE,1,1,1,10,1/22/2017 17:18,1/22/2017 17:18,NULL
296,ESSENCES BANANA 28ML DELMEGE,ESSENCES BANANA 28ML DELMEGE,1,1,1,10,1/22/2017 17:18,1/22/2017 17:18,NULL
1774,ESSENCES BANANA 28ML RASARCO,ESSENCES BANANA 28ML RASARCO,1,1,1,10,1/22/2017 17:18,1/22/2017 17:18,NULL
1083,ESSENCES BANANA FLAVOUR 500ML,ESSENCES BANANA FLAVOUR 500ML,1,1,1,10,1/22/2017 17:18,1/22/2017 17:18,NULL
1776,ESSENCES BRANDY RASARCO,ESSENCES BRANDY RASARCO,1,1,1,10,1/22/2017 17:18,1/22/2017 17:18,NULL
1170,ESSENCES BRIYANI 28ML DELMEGE,ESSENCES BRIYANI 28ML DELMEGE,1,1,1,10,1/22/2017 17:18,1/22/2017 17:18,NULL
299,ESSENCES ORANGE 28ML DELMEGE,ESSENCES ORANGE 28ML DELMEGE,1,1,1,10,1/22/2017 17:18,1/22/2017 17:18,NULL
297,ESSENCES PINEAPPLE 28ML DELMEGE,ESSENCES PINEAPPLE 28ML DELMEGE,1,1,1,10,1/22/2017 17:18,1/22/2017 17:18,NULL
1877,ESSENCES PINEAPPLE 28ML*,ESSENCES PINEAPPLE 28ML*,1,1,1,10,1/22/2017 17:18,1/22/2017 17:18,NULL
295,ESSENCES ROSE 28ML DELMEGE,ESSENCES ROSE 28ML DELMEGE,1,1,1,10,1/22/2017 17:18,1/22/2017 17:18,NULL
1775,ESSENCES ROSE 28ML RASARCO,ESSENCES ROSE 28ML RASARCO,1,1,1,10,1/22/2017 17:18,1/22/2017 17:18,NULL
298,ESSENCES STRAWBERRY 28ML DELMEGE,ESSENCES STRAWBERRY 28ML DELMEGE,1,1,1,10,1/22/2017 17:18,1/22/2017 17:18,NULL
1490,ESSENCES VANILLA 200ML ABMAURI,ESSENCES VANILLA 200ML ABMAURI,1,1,1,10,1/22/2017 17:18,1/22/2017 17:18,NULL
292,ESSENCES VANILLA 200ML DELMEGE,ESSENCES VANILLA 200ML DELMEGE,1,1,1,10,1/22/2017 17:18,1/22/2017 17:18,NULL
293,ESSENCES VANILLA 28ML DELMEGE,ESSENCES VANILLA 28ML DELMEGE,1,1,1,10,1/22/2017 17:18,1/22/2017 17:18,NULL
1773,ESSENCES VANILLA 28ML RASARCO,ESSENCES VANILLA 28ML RASARCO,1,1,1,10,1/22/2017 17:18,1/22/2017 17:18,NULL
291,ESSENCES VANILLA 500ML DELMEGE,ESSENCES VANILLA 500ML DELMEGE,1,1,1,10,1/22/2017 17:18,1/22/2017 17:18,NULL
1082,ESSENCES VANILLA FLAVOUR 500ML,ESSENCES VANILLA FLAVOUR 500ML,1,1,1,10,1/22/2017 17:18,1/22/2017 17:18,NULL
1788,FACE WASH 50G F/A/H FAIRNESS,FACE WASH 50G F/A/H FAIRNESS,1,1,1,10,1/22/2017 17:18,1/22/2017 17:18,NULL
1595,FACE WASH 50G FAIR&LOVELY MEN,FACE WASH 50G FAIR&LOVELY MEN,1,1,1,10,1/22/2017 17:18,1/22/2017 17:18,NULL
1350,FACE WASH 50ML FAIR & LOVELY,FACE WASH 50ML FAIR & LOVELY,1,1,1,10,1/22/2017 17:18,1/22/2017 17:18,NULL
238,FACE WASH CARROT SOFT 50ML,FACE WASH CARROT SOFT 50ML,1,1,1,10,1/22/2017 17:18,1/22/2017 17:18,NULL
1088,FACE WASH CUCUMBER 50ML,FACE WASH CUCUMBER 50ML,1,1,1,10,1/22/2017 17:18,1/22/2017 17:18,NULL
1637,FACE WASH PAPAYA SOFT 50ML,FACE WASH PAPAYA SOFT 50ML,1,1,1,10,1/22/2017 17:18,1/22/2017 17:18,NULL
1806,FACH WASH POND'S WHITE BEAUTY 50G,FACH WASH POND'S WHITE BEAUTY 50G,1,1,1,10,1/22/2017 17:18,1/22/2017 17:18,NULL
196,FACIAL TISSUE 2PLY FLORA,FACIAL TISSUE 2PLY FLORA,1,1,1,10,1/22/2017 17:18,1/22/2017 17:18,NULL
568,FAIR LOVELY A–MARKS,FAIR LOVELY A–MARKS,1,1,1,10,1/22/2017 17:18,1/22/2017 17:18,NULL
567,FAIR MAX FAIRNS 25G,FAIR MAX FAIRNS 25G,1,1,1,10,1/22/2017 17:18,1/22/2017 17:18,NULL
569,FAIR MAX FAIRNS 50G,FAIR MAX FAIRNS 50G,1,1,1,10,1/22/2017 17:18,1/22/2017 17:18,NULL
666,FAIR&HANDSOME 30G,FAIR&HANDSOME 30G,1,1,1,10,1/22/2017 17:18,1/22/2017 17:18,NULL
667,FAIR&HANDSOME 60G,FAIR&HANDSOME 60G,1,1,1,10,1/22/2017 17:18,1/22/2017 17:18,NULL
43,FAIR&LOVELY 25G,FAIR&LOVELY 25G,1,1,1,10,1/22/2017 17:18,1/22/2017 17:18,NULL
44,FAIR&LOVELY 50G,FAIR&LOVELY 50G,1,1,1,10,1/22/2017 17:18,1/22/2017 17:18,NULL
780,FAIREVER F.CREAM 25ML,FAIREVER F.CREAM 25ML,1,1,1,10,1/22/2017 17:18,1/22/2017 17:18,NULL
769,FAIREVER F.CREAM 50ML,FAIREVER F.CREAM 50ML,1,1,1,10,1/22/2017 17:18,1/22/2017 17:18,NULL
668,FAIRNESS 50G,FAIRNESS 50G,1,1,1,10,1/22/2017 17:18,1/22/2017 17:18,NULL
322,FALUDA MIX 125G,FALUDA MIX 125G,1,1,1,10,1/22/2017 17:18,1/22/2017 17:18,NULL
323,FALUDA MIX 250G,FALUDA MIX 250G,1,1,1,10,1/22/2017 17:18,1/22/2017 17:18,NULL
1798,FANTA,FANTA,1,1,1,10,1/22/2017 17:18,1/22/2017 17:18,NULL
714,FANTA 2L PET,FANTA 2L PET,1,1,1,10,1/22/2017 17:18,1/22/2017 17:18,NULL
1509,FANTA 400ML PET,FANTA 400ML PET,1,1,1,10,1/22/2017 17:18,1/22/2017 17:18,NULL
83,FANTA 500ML PET,FANTA 500ML PET,1,1,1,10,1/22/2017 17:18,1/22/2017 17:18,NULL
1450,FEMS,FEMS,1,1,1,10,1/22/2017 17:18,1/22/2017 17:18,NULL
523,FISH SAUCE 725ML,FISH SAUCE 725ML,1,1,1,10,1/22/2017 17:18,1/22/2017 17:18,NULL
50,FLORA 250G,FLORA 250G,1,1,1,10,1/22/2017 17:18,1/22/2017 17:18,NULL
49,FLORA 500G,FLORA 500G,1,1,1,10,1/22/2017 17:18,1/22/2017 17:18,NULL
1697,FLOUR 1KG PKT,FLOUR 1KG PKT,1,1,1,10,1/22/2017 17:18,1/22/2017 17:18,NULL
951,FLOUR MILL BACKERY,FLOUR MILL BACKERY,1,1,1,10,1/22/2017 17:18,1/22/2017 17:18,NULL
1641,FLOUR PREEMA GREEN HOME,FLOUR PREEMA GREEN HOME,1,1,1,10,1/22/2017 17:18,1/22/2017 17:18,NULL
1420,FOKE,FOKE,1,1,1,10,1/22/2017 17:18,1/22/2017 17:18,NULL
1526,FOKE,FOKE,1,1,1,10,1/22/2017 17:18,1/22/2017 17:18,NULL
502,FRENCH FRIES 1KG,FRENCH FRIES 1KG,1,1,1,10,1/22/2017 17:18,1/22/2017 17:18,NULL
1433,FRESH CREAM 1L,FRESH CREAM 1L,1,1,1,10,1/22/2017 17:18,1/22/2017 17:18,NULL
1796,FRIED RICE,FRIED RICE,1,1,1,10,1/22/2017 17:18,1/22/2017 17:18,NULL
636,FRUIT COCK TAIL 825G,FRUIT COCK TAIL 825G,1,1,1,10,1/22/2017 17:18,1/22/2017 17:18,NULL
944,GAMBOGE (GORAGA),GAMBOGE (GORAGA),1,1,1,10,1/22/2017 17:18,1/22/2017 17:18,NULL
1401,GAMBOGE PASTE(GORAGA PASTE) 100G,GAMBOGE PASTE(GORAGA PASTE) 100G,1,1,1,10,1/22/2017 17:18,1/22/2017 17:18,NULL
1400,GAMBOGE PASTE(GORAGA PASTE) 250G,GAMBOGE PASTE(GORAGA PASTE) 250G,1,1,1,10,1/22/2017 17:18,1/22/2017 17:18,NULL
999,GARAMMASALA 50G,GARAMMASALA 50G,1,1,1,10,1/22/2017 17:18,1/22/2017 17:18,NULL
907,GARBAGE BAG EXL,GARBAGE BAG EXL,1,1,1,10,1/22/2017 17:18,1/22/2017 17:18,NULL
906,GARBAGE BAG L,GARBAGE BAG L,1,1,1,10,1/22/2017 17:18,1/22/2017 17:18,NULL
905,GARBAGE BAG M,GARBAGE BAG M,1,1,1,10,1/22/2017 17:18,1/22/2017 17:18,NULL
904,GARBAGE BAG S,GARBAGE BAG S,1,1,1,10,1/22/2017 17:18,1/22/2017 17:18,NULL
927,GARLIC,GARLIC,1,1,1,10,1/22/2017 17:18,1/22/2017 17:18,NULL
981,GARLIC MUREMIUM 250GM PCKET,GARLIC MUREMIUM 250GM PCKET,1,1,1,10,1/22/2017 17:18,1/22/2017 17:18,NULL
1122,GARLIC PASTE 250G,GARLIC PASTE 250G,1,1,1,10,1/22/2017 17:18,1/22/2017 17:18,NULL
1889,GARLIC POWDER 50G,GARLIC POWDER 50G,1,1,1,10,1/22/2017 17:18,1/22/2017 17:18,NULL
1005,GARLIC SAVE 250G,GARLIC SAVE 250G,1,1,1,10,1/22/2017 17:18,1/22/2017 17:18,NULL
1355,GARNIER 28G,GARNIER 28G,1,1,1,10,1/22/2017 17:18,1/22/2017 17:18,NULL
1477,GAS 4 WAY JOINT RS:400,GAS 4 WAY JOINT RS:400,1,1,1,10,1/22/2017 17:18,1/22/2017 17:18,NULL
1693,GAS BALL VEL 4/1',GAS BALL VEL 4/1',1,1,1,10,1/22/2017 17:18,1/22/2017 17:18,NULL
1935,GAS BALL VEL 4/3',GAS BALL VEL 4/3',1,1,1,10,1/22/2017 17:18,1/22/2017 17:18,NULL
1742,GAS BALL VEL BRASS 1/2',GAS BALL VEL BRASS 1/2',1,1,1,10,1/22/2017 17:18,1/22/2017 17:18,NULL
1598,GAS BURNER :RS 940,GAS BURNER :RS 940,1,1,1,10,1/22/2017 17:18,1/22/2017 17:18,NULL
1227,GAS BURNER C10,GAS BURNER C10,1,1,1,10,1/22/2017 17:18,1/22/2017 17:18,NULL
1686,GAS BURNER C10 TRIBLE : 5250,GAS BURNER C10 TRIBLE : 5250,1,1,1,10,1/22/2017 17:18,1/22/2017 17:18,NULL
1230,GAS BURNER C30,GAS BURNER C30,1,1,1,10,1/22/2017 17:18,1/22/2017 17:18,NULL
1229,GAS BURNER C40,GAS BURNER C40,1,1,1,10,1/22/2017 17:18,1/22/2017 17:18,NULL
1228,GAS BURNER C50,GAS BURNER C50,1,1,1,10,1/22/2017 17:18,1/22/2017 17:18,NULL
1893,GAS BURNER H/P TOP (CH),GAS BURNER H/P TOP (CH),1,1,1,10,1/22/2017 17:18,1/22/2017 17:18,NULL
1892,GAS BURNER H/P TOP (ML),GAS BURNER H/P TOP (ML),1,1,1,10,1/22/2017 17:18,1/22/2017 17:18,NULL
1199,GAS BURNER RS:1050,GAS BURNER RS:1050,1,1,1,10,1/22/2017 17:18,1/22/2017 17:18,NULL
1204,GAS BURNER RS:110,GAS BURNER RS:110,1,1,1,10,1/22/2017 17:18,1/22/2017 17:18,NULL
1200,GAS BURNER RS:1100,GAS BURNER RS:1100,1,1,1,10,1/22/2017 17:18,1/22/2017 17:18,NULL
1475,GAS BURNER RS:1175,GAS BURNER RS:1175,1,1,1,10,1/22/2017 17:18,1/22/2017 17:18,NULL
1231,GAS BURNER RS:1200,GAS BURNER RS:1200,1,1,1,10,1/22/2017 17:18,1/22/2017 17:18,NULL
1198,GAS BURNER RS:1210,GAS BURNER RS:1210,1,1,1,10,1/22/2017 17:18,1/22/2017 17:18,NULL
1207,GAS BURNER RS:125,GAS BURNER RS:125,1,1,1,10,1/22/2017 17:18,1/22/2017 17:18,NULL
1237,GAS BURNER RS:150,GAS BURNER RS:150,1,1,1,10,1/22/2017 17:18,1/22/2017 17:18,NULL
1236,GAS BURNER RS:160 MIDDLE,GAS BURNER RS:160 MIDDLE,1,1,1,10,1/22/2017 17:18,1/22/2017 17:18,NULL
1234,GAS BURNER RS:210 MIDDLE,GAS BURNER RS:210 MIDDLE,1,1,1,10,1/22/2017 17:18,1/22/2017 17:18,NULL
1937,GAS BURNER RS:225,GAS BURNER RS:225,1,1,1,10,1/22/2017 17:18,1/22/2017 17:18,NULL
1238,GAS BURNER RS:240 MIDDLE,GAS BURNER RS:240 MIDDLE,1,1,1,10,1/22/2017 17:18,1/22/2017 17:18,NULL
1202,GAS BURNER RS:250,GAS BURNER RS:250,1,1,1,10,1/22/2017 17:18,1/22/2017 17:18,NULL
1938,GAS BURNER RS:270,GAS BURNER RS:270,1,1,1,10,1/22/2017 17:18,1/22/2017 17:18,NULL
1235,GAS BURNER RS:290,GAS BURNER RS:290,1,1,1,10,1/22/2017 17:18,1/22/2017 17:18,NULL
1203,GAS BURNER RS:300,GAS BURNER RS:300,1,1,1,10,1/22/2017 17:18,1/22/2017 17:18,NULL
1222,GAS BURNER RS:350,GAS BURNER RS:350,1,1,1,10,1/22/2017 17:18,1/22/2017 17:18,NULL
1221,GAS BURNER RS:390,GAS BURNER RS:390,1,1,1,10,1/22/2017 17:18,1/22/2017 17:18,NULL
1220,GAS BURNER RS:410,GAS BURNER RS:410,1,1,1,10,1/22/2017 17:18,1/22/2017 17:18,NULL
1223,GAS BURNER RS:425,GAS BURNER RS:425,1,1,1,10,1/22/2017 17:18,1/22/2017 17:18,NULL
1225,GAS BURNER RS:450,GAS BURNER RS:450,1,1,1,10,1/22/2017 17:18,1/22/2017 17:18,NULL
1210,GAS BURNER RS:455,GAS BURNER RS:455,1,1,1,10,1/22/2017 17:18,1/22/2017 17:18,NULL
1218,GAS BURNER RS:460,GAS BURNER RS:460,1,1,1,10,1/22/2017 17:18,1/22/2017 17:18,NULL
1211,GAS BURNER RS:490,GAS BURNER RS:490,1,1,1,10,1/22/2017 17:18,1/22/2017 17:18,NULL
1224,GAS BURNER RS:510,GAS BURNER RS:510,1,1,1,10,1/22/2017 17:18,1/22/2017 17:18,NULL
1212,GAS BURNER RS:520,GAS BURNER RS:520,1,1,1,10,1/22/2017 17:18,1/22/2017 17:18,NULL
1217,GAS BURNER RS:540,GAS BURNER RS:540,1,1,1,10,1/22/2017 17:18,1/22/2017 17:18,NULL
1219,GAS BURNER RS:550,GAS BURNER RS:550,1,1,1,10,1/22/2017 17:18,1/22/2017 17:18,NULL
1215,GAS BURNER RS:560,GAS BURNER RS:560,1,1,1,10,1/22/2017 17:18,1/22/2017 17:18,NULL
1209,GAS BURNER RS:575,GAS BURNER RS:575,1,1,1,10,1/22/2017 17:18,1/22/2017 17:18,NULL
1226,GAS BURNER RS:590,GAS BURNER RS:590,1,1,1,10,1/22/2017 17:18,1/22/2017 17:18,NULL
1195,GAS BURNER RS:600,GAS BURNER RS:600,1,1,1,10,1/22/2017 17:18,1/22/2017 17:18,NULL
1213,GAS BURNER RS:630,GAS BURNER RS:630,1,1,1,10,1/22/2017 17:18,1/22/2017 17:18,NULL
1208,GAS BURNER RS:675,GAS BURNER RS:675,1,1,1,10,1/22/2017 17:18,1/22/2017 17:18,NULL
1233,GAS BURNER RS:70,GAS BURNER RS:70,1,1,1,10,1/22/2017 17:18,1/22/2017 17:18,NULL
1214,GAS BURNER RS:725,GAS BURNER RS:725,1,1,1,10,1/22/2017 17:18,1/22/2017 17:18,NULL
1919,GAS BURNER RS:740,GAS BURNER RS:740,1,1,1,10,1/22/2017 17:18,1/22/2017 17:18,NULL
1205,GAS BURNER RS:750,GAS BURNER RS:750,1,1,1,10,1/22/2017 17:18,1/22/2017 17:18,NULL
1918,GAS BURNER RS:775,GAS BURNER RS:775,1,1,1,10,1/22/2017 17:18,1/22/2017 17:18,NULL
1196,GAS BURNER RS:850,GAS BURNER RS:850,1,1,1,10,1/22/2017 17:18,1/22/2017 17:18,NULL
1197,GAS BURNER RS:875,GAS BURNER RS:875,1,1,1,10,1/22/2017 17:18,1/22/2017 17:18,NULL
1922,GAS BURNER RS:895,GAS BURNER RS:895,1,1,1,10,1/22/2017 17:18,1/22/2017 17:18,NULL
1201,GAS BURNER RS:910,GAS BURNER RS:910,1,1,1,10,1/22/2017 17:18,1/22/2017 17:18,NULL
1920,GAS BURNER RS:940,GAS BURNER RS:940,1,1,1,10,1/22/2017 17:18,1/22/2017 17:18,NULL
1933,GAS BURNER RS;1150,GAS BURNER RS;1150,1,1,1,10,1/22/2017 17:18,1/22/2017 17:18,NULL
1939,GAS BURNER RS;500,GAS BURNER RS;500,1,1,1,10,1/22/2017 17:18,1/22/2017 17:18,NULL
1932,GAS BURNER RS;820,GAS BURNER RS;820,1,1,1,10,1/22/2017 17:18,1/22/2017 17:18,NULL
1548,GAS CLIP,GAS CLIP,1,1,1,10,1/22/2017 17:18,1/22/2017 17:18,NULL
1925,GAS CONNECT PIPE(L),GAS CONNECT PIPE(L),1,1,1,10,1/22/2017 17:18,1/22/2017 17:18,NULL
1934,GAS CONNECTAR RS;450,GAS CONNECTAR RS;450,1,1,1,10,1/22/2017 17:18,1/22/2017 17:18,NULL
1241,GAS CONNECTOR 1/2 RS:400,GAS CONNECTOR 1/2 RS:400,1,1,1,10,1/22/2017 17:18,1/22/2017 17:18,NULL
1239,GAS CONNECTOR 1/2 RS:500,GAS CONNECTOR 1/2 RS:500,1,1,1,10,1/22/2017 17:18,1/22/2017 17:18,NULL
1894,GAS CONNECTOR 1/4 RS:500 INTHERED,GAS CONNECTOR 1/4 RS:500 INTHERED,1,1,1,10,1/22/2017 17:18,1/22/2017 17:18,NULL
1240,GAS CONNECTOR 1/4 RS:500 OUTTHERED,GAS CONNECTOR 1/4 RS:500 OUTTHERED,1,1,1,10,1/22/2017 17:18,1/22/2017 17:18,NULL
1242,GAS CONNECTOR RS:225,GAS CONNECTOR RS:225,1,1,1,10,1/22/2017 17:18,1/22/2017 17:18,NULL
1480,GAS CONNECTOR RS:250,GAS CONNECTOR RS:250,1,1,1,10,1/22/2017 17:18,1/22/2017 17:18,NULL
1262,GAS CONNECTOR RS:350,GAS CONNECTOR RS:350,1,1,1,10,1/22/2017 17:18,1/22/2017 17:18,NULL
1243,GAS CONNECTOR RS:360,GAS CONNECTOR RS:360,1,1,1,10,1/22/2017 17:18,1/22/2017 17:18,NULL
1261,GAS CONNECTOR RS:400,GAS CONNECTOR RS:400,1,1,1,10,1/22/2017 17:18,1/22/2017 17:18,NULL
1882,GAS COOKER H.P,GAS COOKER H.P,1,1,1,10,1/22/2017 17:18,1/22/2017 17:18,NULL
1881,GAS COOKER H.P SPOON,GAS COOKER H.P SPOON,1,1,1,10,1/22/2017 17:18,1/22/2017 17:18,NULL
1472,GAS COOKER PLTE RS:210,GAS COOKER PLTE RS:210,1,1,1,10,1/22/2017 17:18,1/22/2017 17:18,NULL
1923,GAS COOKER STAND,GAS COOKER STAND,1,1,1,10,1/22/2017 17:18,1/22/2017 17:18,NULL
1924,GAS COOKER STAND,GAS COOKER STAND,1,1,1,10,1/22/2017 17:18,1/22/2017 17:18,NULL
1928,GAS COOKER STAND,GAS COOKER STAND,1,1,1,10,1/22/2017 17:18,1/22/2017 17:18,NULL
1481,GAS COOKER STAND C30 RS:2200,GAS COOKER STAND C30 RS:2200,1,1,1,10,1/22/2017 17:18,1/22/2017 17:18,NULL
1640,GAS COOKER STAND C40 :1850,GAS COOKER STAND C40 :1850,1,1,1,10,1/22/2017 17:18,1/22/2017 17:18,NULL
1729,GAS COOKER STAND C50,GAS COOKER STAND C50,1,1,1,10,1/22/2017 17:18,1/22/2017 17:18,NULL
1474,GAS COOKER STAND H.P,GAS COOKER STAND H.P,1,1,1,10,1/22/2017 17:18,1/22/2017 17:18,NULL
1468,GAS COOKER STAND OVEL RS:425,GAS COOKER STAND OVEL RS:425,1,1,1,10,1/22/2017 17:18,1/22/2017 17:18,NULL
1721,GAS COOKER STAND ROUND,GAS COOKER STAND ROUND,1,1,1,10,1/22/2017 17:18,1/22/2017 17:18,NULL
1469,GAS COOKER STAND ROUND RS:360,GAS COOKER STAND ROUND RS:360,1,1,1,10,1/22/2017 17:18,1/22/2017 17:18,NULL
1471,GAS COOKER STAND SONEYO RS:350,GAS COOKER STAND SONEYO RS:350,1,1,1,10,1/22/2017 17:18,1/22/2017 17:18,NULL
1470,GAS COOKER STAND SQAR RS:450,GAS COOKER STAND SQAR RS:450,1,1,1,10,1/22/2017 17:18,1/22/2017 17:18,NULL
1976,GAS FIGHLAT,GAS FIGHLAT,1,1,1,10,1/22/2017 17:18,1/22/2017 17:18,NULL
1636,GAS FIGHLAT SET,GAS FIGHLAT SET,1,1,1,10,1/22/2017 17:18,1/22/2017 17:18,NULL
1883,GAS FRYING PAN (THACHCHI),GAS FRYING PAN (THACHCHI),1,1,1,10,1/22/2017 17:18,1/22/2017 17:18,NULL
1658,GAS HAMER 60,GAS HAMER 60,1,1,1,10,1/22/2017 17:18,1/22/2017 17:18,NULL
1329,GAS HOUSE RED 1M,GAS HOUSE RED 1M,1,1,1,10,1/22/2017 17:18,1/22/2017 17:18,NULL
1330,GAS HOUSE WHITE 1M,GAS HOUSE WHITE 1M,1,1,1,10,1/22/2017 17:18,1/22/2017 17:18,NULL
1194,GAS IGNATION CORED RS:250,GAS IGNATION CORED RS:250,1,1,1,10,1/22/2017 17:18,1/22/2017 17:18,NULL
1254,GAS IGNATION RS:455,GAS IGNATION RS:455,1,1,1,10,1/22/2017 17:18,1/22/2017 17:18,NULL
1255,GAS IGNATION RS:975,GAS IGNATION RS:975,1,1,1,10,1/22/2017 17:18,1/22/2017 17:18,NULL
1926,GAS KNOB RS:175,GAS KNOB RS:175,1,1,1,10,1/22/2017 17:18,1/22/2017 17:18,NULL
1482,GAS KNOBE RS:110,GAS KNOBE RS:110,1,1,1,10,1/22/2017 17:18,1/22/2017 17:18,NULL
1921,GAS KNOBE RS:145,GAS KNOBE RS:145,1,1,1,10,1/22/2017 17:18,1/22/2017 17:18,NULL
1576,GAS KNOBE RS:230,GAS KNOBE RS:230,1,1,1,10,1/22/2017 17:18,1/22/2017 17:18,NULL
1603,GAS KNOBE RS:280,GAS KNOBE RS:280,1,1,1,10,1/22/2017 17:18,1/22/2017 17:18,NULL
1931,GAS L JOINT RS:400,GAS L JOINT RS:400,1,1,1,10,1/22/2017 17:18,1/22/2017 17:18,NULL
1483,GAS LAG (4) RS;150,GAS LAG (4) RS;150,1,1,1,10,1/22/2017 17:18,1/22/2017 17:18,NULL
1929,GAS LEG,GAS LEG,1,1,1,10,1/22/2017 17:18,1/22/2017 17:18,NULL
1650,GAS LIGHTER NO–1,GAS LIGHTER NO–1,1,1,1,10,1/22/2017 17:18,1/22/2017 17:18,NULL
1193,GAS LIGHTER RS:150,GAS LIGHTER RS:150,1,1,1,10,1/22/2017 17:18,1/22/2017 17:18,NULL
1253,GAS NACK C30,GAS NACK C30,1,1,1,10,1/22/2017 17:18,1/22/2017 17:18,NULL
1252,GAS NACK C40,GAS NACK C40,1,1,1,10,1/22/2017 17:18,1/22/2017 17:18,NULL
1251,GAS NACK C50,GAS NACK C50,1,1,1,10,1/22/2017 17:18,1/22/2017 17:18,NULL
1936,GAS RE/TAR CONNECTAR,GAS RE/TAR CONNECTAR,1,1,1,10,1/22/2017 17:18,1/22/2017 17:18,NULL
1191,GAS T JOINT RS:150,GAS T JOINT RS:150,1,1,1,10,1/22/2017 17:18,1/22/2017 17:18,NULL
1476,GAS T JOINT RS:180,GAS T JOINT RS:180,1,1,1,10,1/22/2017 17:18,1/22/2017 17:18,NULL
1192,GAS T JOINT RS:225,GAS T JOINT RS:225,1,1,1,10,1/22/2017 17:18,1/22/2017 17:18,NULL
1443,GAS TAP C10 RS;350,GAS TAP C10 RS;350,1,1,1,10,1/22/2017 17:18,1/22/2017 17:18,NULL
1244,GAS TAP C10 RS;425,GAS TAP C10 RS;425,1,1,1,10,1/22/2017 17:18,1/22/2017 17:18,NULL
1759,GAS TAP C30/C40/C50,GAS TAP C30/C40/C50,1,1,1,10,1/22/2017 17:18,1/22/2017 17:18,NULL
1930,GAS Z JOINT RS:180,GAS Z JOINT RS:180,1,1,1,10,1/22/2017 17:18,1/22/2017 17:18,NULL
1731,GEE 375ML NO–01,GEE 375ML NO–01,1,1,1,10,1/22/2017 17:18,1/22/2017 17:18,NULL
1754,GEE 750ML NO–01,GEE 750ML NO–01,1,1,1,10,1/22/2017 17:18,1/22/2017 17:18,NULL
914,GEE OIL 175ML,GEE OIL 175ML,1,1,1,10,1/22/2017 17:18,1/22/2017 17:18,NULL
1816,GEE OIL 180ML NO–01,GEE OIL 180ML NO–01,1,1,1,10,1/22/2017 17:18,1/22/2017 17:18,NULL
915,GEE OIL 375ML,GEE OIL 375ML,1,1,1,10,1/22/2017 17:18,1/22/2017 17:18,NULL
916,GEE OIL 750ML,GEE OIL 750ML,1,1,1,10,1/22/2017 17:18,1/22/2017 17:18,NULL
1717,GEE UDHAYA KRISHNA 100ML,GEE UDHAYA KRISHNA 100ML,1,1,1,10,1/22/2017 17:18,1/22/2017 17:18,NULL
268,GEL 14KG,GEL 14KG,1,1,1,10,1/22/2017 17:18,1/22/2017 17:18,NULL
267,GEL 200G,GEL 200G,1,1,1,10,1/22/2017 17:18,1/22/2017 17:18,NULL
1340,GELATEIN 500G,GELATEIN 500G,1,1,1,10,1/22/2017 17:18,1/22/2017 17:18,NULL
311,GELATIN 100G,GELATIN 100G,1,1,1,10,1/22/2017 17:18,1/22/2017 17:18,NULL
310,GELATIN 30G,GELATIN 30G,1,1,1,10,1/22/2017 17:18,1/22/2017 17:18,NULL
360,GEM 100G,GEM 100G,1,1,1,10,1/22/2017 17:18,1/22/2017 17:18,NULL
361,GEM 15G CBL,GEM 15G CBL,1,1,1,10,1/22/2017 17:18,1/22/2017 17:18,NULL
630,GHERKIN 550ML,GHERKIN 550ML,1,1,1,10,1/22/2017 17:18,1/22/2017 17:18,NULL
362,GIFT ASST 400G,GIFT ASST 400G,1,1,1,10,1/22/2017 17:18,1/22/2017 17:18,NULL
1175,GILLETE BLUE 2 PLUS,GILLETE BLUE 2 PLUS,1,1,1,10,1/22/2017 17:18,1/22/2017 17:18,NULL
1868,GILLETE MACH 3 (BLADE*4),GILLETE MACH 3 (BLADE*4),1,1,1,10,1/22/2017 17:18,1/22/2017 17:18,NULL
1869,GILLETE MACH 3 RASER,GILLETE MACH 3 RASER,1,1,1,10,1/22/2017 17:18,1/22/2017 17:18,NULL
326,GILLETTE BLUE 2,GILLETTE BLUE 2,1,1,1,10,1/22/2017 17:18,1/22/2017 17:18,NULL
1541,GILLETTE BLUE 3,GILLETTE BLUE 3,1,1,1,10,1/22/2017 17:18,1/22/2017 17:18,NULL
327,GILLETTE MACH 3,GILLETTE MACH 3,1,1,1,10,1/22/2017 17:18,1/22/2017 17:18,NULL
1264,GINGELLY OIL (NO:2) 375ML,GINGELLY OIL (NO:2) 375ML,1,1,1,10,1/22/2017 17:18,1/22/2017 17:18,NULL
911,GINGELY OIL 175ML,GINGELY OIL 175ML,1,1,1,10,1/22/2017 17:18,1/22/2017 17:18,NULL
159,GINGELY OIL 375ML,GINGELY OIL 375ML,1,1,1,10,1/22/2017 17:18,1/22/2017 17:18,NULL
912,GINGELY OIL 750ML–1,GINGELY OIL 750ML–1,1,1,1,10,1/22/2017 17:18,1/22/2017 17:18,NULL
913,GINGELY OIL–2 750ML,GINGELY OIL–2 750ML,1,1,1,10,1/22/2017 17:18,1/22/2017 17:18,NULL
929,GINGER,GINGER,1,1,1,10,1/22/2017 17:18,1/22/2017 17:18,NULL
363,GINGER 400G,GINGER 400G,1,1,1,10,1/22/2017 17:18,1/22/2017 17:18,NULL
441,GINGER ALE 500ML PET,GINGER ALE 500ML PET,1,1,1,10,1/22/2017 17:18,1/22/2017 17:18,NULL
600,GINGER BEER 1.5L PET,GINGER BEER 1.5L PET,1,1,1,10,1/22/2017 17:18,1/22/2017 17:18,NULL
1957,GINGER BEER 300ML,GINGER BEER 300ML,1,1,1,10,1/22/2017 17:18,1/22/2017 17:18,NULL
1510,GINGER BEER 400ML PET,GINGER BEER 400ML PET,1,1,1,10,1/22/2017 17:18,1/22/2017 17:18,NULL
440,GINGER BEER 500ML PET,GINGER BEER 500ML PET,1,1,1,10,1/22/2017 17:18,1/22/2017 17:18,NULL
364,GINGER BIS 80G,GINGER BIS 80G,1,1,1,10,1/22/2017 17:18,1/22/2017 17:18,NULL
226,GINGER NO–02,GINGER NO–02,1,1,1,10,1/22/2017 17:18,1/22/2017 17:18,NULL
809,GINGER PASTE 225G MD,GINGER PASTE 225G MD,1,1,1,10,1/22/2017 17:18,1/22/2017 17:18,NULL
1888,GINGER POWDER TIN 60G,GINGER POWDER TIN 60G,1,1,1,10,1/22/2017 17:18,1/22/2017 17:18,NULL
1500,GINGER PRESERVE,GINGER PRESERVE,1,1,1,10,1/22/2017 17:18,1/22/2017 17:18,NULL
365,GINGER ZING,GINGER ZING,1,1,1,10,1/22/2017 17:18,1/22/2017 17:18,NULL
1558,GLASS CLEANER 500ML,GLASS CLEANER 500ML,1,1,1,10,1/22/2017 17:18,1/22/2017 17:18,NULL
1169,GLASS CLEANER 5L,GLASS CLEANER 5L,1,1,1,10,1/22/2017 17:18,1/22/2017 17:18,NULL
1335,GLASS PAPER 1,GLASS PAPER 1,1,1,1,10,1/22/2017 17:18,1/22/2017 17:18,NULL
1497,GLASS U10,GLASS U10,1,1,1,10,1/22/2017 17:18,1/22/2017 17:18,NULL
524,GLOVE HAND 100PCS,GLOVE HAND 100PCS,1,1,1,10,1/22/2017 17:18,1/22/2017 17:18,NULL
1688,GLOVES DISPOSAPLE 10*100,GLOVES DISPOSAPLE 10*100,1,1,1,10,1/22/2017 17:18,1/22/2017 17:18,NULL
366,GLUCOFIT,GLUCOFIT,1,1,1,10,1/22/2017 17:18,1/22/2017 17:18,NULL
1463,GLUCOS 100G,GLUCOS 100G,1,1,1,10,1/22/2017 17:18,1/22/2017 17:18,NULL
1073,GLYCERIN 28ML,GLYCERIN 28ML,1,1,1,10,1/22/2017 17:18,1/22/2017 17:18,NULL
1110,GOLDEN SYRUP 500G,GOLDEN SYRUP 500G,1,1,1,10,1/22/2017 17:18,1/22/2017 17:18,NULL
1379,GOYA COLOGNE 35ML,GOYA COLOGNE 35ML,1,1,1,10,1/22/2017 17:18,1/22/2017 17:18,NULL
1457,GOYA PERFUME 2.5ML,GOYA PERFUME 2.5ML,1,1,1,10,1/22/2017 17:18,1/22/2017 17:18,NULL
1078,GRAM FLOUR,GRAM FLOUR,1,1,1,10,1/22/2017 17:18,1/22/2017 17:18,NULL
1695,GRAME (JUMBO KADALA),GRAME (JUMBO KADALA),1,1,1,10,1/22/2017 17:18,1/22/2017 17:18,NULL
920,GRAME DHALL,GRAME DHALL,1,1,1,10,1/22/2017 17:18,1/22/2017 17:18,NULL
1733,GRAME(JUMBO) MAXICAN,GRAME(JUMBO) MAXICAN,1,1,1,10,1/22/2017 17:18,1/22/2017 17:18,NULL
1009,GREEEN GRAM DHALL,GREEEN GRAM DHALL,1,1,1,10,1/22/2017 17:18,1/22/2017 17:18,NULL
994,GREEN GRAM DHALL 1KG,GREEN GRAM DHALL 1KG,1,1,1,10,1/22/2017 17:18,1/22/2017 17:18,NULL
1817,GREEN GRAM FLOUR,GREEN GRAM FLOUR,1,1,1,10,1/22/2017 17:18,1/22/2017 17:18,NULL
919,GREEN GRAME,GREEN GRAME,1,1,1,10,1/22/2017 17:18,1/22/2017 17:18,NULL
627,GREEN OILES 450G,GREEN OILES 450G,1,1,1,10,1/22/2017 17:18,1/22/2017 17:18,NULL
513,GREEN PEAS 400G,GREEN PEAS 400G,1,1,1,10,1/22/2017 17:18,1/22/2017 17:18,NULL
1246,GREEN PEAS DRY,GREEN PEAS DRY,1,1,1,10,1/22/2017 17:18,1/22/2017 17:18,NULL
1419,GREEN PEAS FROZEN,GREEN PEAS FROZEN,1,1,1,10,1/22/2017 17:18,1/22/2017 17:18,NULL
1521,GREEN TEA 100G,GREEN TEA 100G,1,1,1,10,1/22/2017 17:18,1/22/2017 17:18,NULL
564,GREEN TEA BAG 1.7G LIPTON,GREEN TEA BAG 1.7G LIPTON,1,1,1,10,1/22/2017 17:18,1/22/2017 17:18,NULL
1927,GRINDER BLADE HOLDER,GRINDER BLADE HOLDER,1,1,1,10,1/22/2017 17:18,1/22/2017 17:18,NULL
1863,GRIPE MIX WATER 100ML,GRIPE MIX WATER 100ML,1,1,1,10,1/22/2017 17:18,1/22/2017 17:18,NULL
1462,GRIPE MIX WATER 180 ML,GRIPE MIX WATER 180 ML,1,1,1,10,1/22/2017 17:18,1/22/2017 17:18,NULL
715,GROCERY 5*7,GROCERY 5*7,1,1,1,10,1/22/2017 17:18,1/22/2017 17:18,NULL
97,GROCERY 7*10,GROCERY 7*10,1,1,1,10,1/22/2017 17:18,1/22/2017 17:18,NULL
716,GROCERY 9*12,GROCERY 9*12,1,1,1,10,1/22/2017 17:18,1/22/2017 17:18,NULL
836,HACKS TOFFEE,HACKS TOFFEE,1,1,1,10,1/22/2017 17:18,1/22/2017 17:18,NULL
248,HAIR COLOUR (BLACK HENNA)3G,HAIR COLOUR (BLACK HENNA)3G,1,1,1,10,1/22/2017 17:18,1/22/2017 17:18,NULL
1836,HAIR COLOUR (GODREJ)10G,HAIR COLOUR (GODREJ)10G,1,1,1,10,1/22/2017 17:18,1/22/2017 17:18,NULL
1491,HAIR COLOUR (GODREJ)3G,HAIR COLOUR (GODREJ)3G,1,1,1,10,1/22/2017 17:18,1/22/2017 17:18,NULL
1503,HAIR COLOUR LANISS,HAIR COLOUR LANISS,1,1,1,10,1/22/2017 17:18,1/22/2017 17:18,NULL
1459,HAIR CREAM 4G,HAIR CREAM 4G,1,1,1,10,1/22/2017 17:18,1/22/2017 17:18,NULL
1367,HAIR CREAM BLACK KNIGHT 100ML,HAIR CREAM BLACK KNIGHT 100ML,1,1,1,10,1/22/2017 17:18,1/22/2017 17:18,NULL
1770,HAIR CREAM BLACK KNIGHT 30ML,HAIR CREAM BLACK KNIGHT 30ML,1,1,1,10,1/22/2017 17:18,1/22/2017 17:18,NULL
1368,HAIR CREAM GOLD 100ML,HAIR CREAM GOLD 100ML,1,1,1,10,1/22/2017 17:18,1/22/2017 17:18,NULL
1771,HAIR GEL 30ML,HAIR GEL 30ML,1,1,1,10,1/22/2017 17:18,1/22/2017 17:18,NULL
1461,HAIR GEL 4G,HAIR GEL 4G,1,1,1,10,1/22/2017 17:18,1/22/2017 17:18,NULL
1667,HAIR GEL GOLD 100ML,HAIR GEL GOLD 100ML,1,1,1,10,1/22/2017 17:18,1/22/2017 17:18,NULL
1232,HANDWASH – DETTOL 200ML,HANDWASH – DETTOL 200ML,1,1,1,10,1/22/2017 17:18,1/22/2017 17:18,NULL
54,HANDWASH – LIFEBOY 200ML,HANDWASH – LIFEBOY 200ML,1,1,1,10,1/22/2017 17:18,1/22/2017 17:18,NULL
1737,HANDWASH – VELVET 200ML,HANDWASH – VELVET 200ML,1,1,1,10,1/22/2017 17:18,1/22/2017 17:18,NULL
1361,HANDWASH 500ML,HANDWASH 500ML,1,1,1,10,1/22/2017 17:19,1/22/2017 17:19,NULL
1168,HANDWASH 5L,HANDWASH 5L,1,1,1,10,1/22/2017 17:19,1/22/2017 17:19,NULL
394,HANDY PACK 250G,HANDY PACK 250G,1,1,1,10,1/22/2017 17:19,1/22/2017 17:19,NULL
395,HANDY PACK 85G,HANDY PACK 85G,1,1,1,10,1/22/2017 17:19,1/22/2017 17:19,NULL
963,HARPIC 200ML,HARPIC 200ML,1,1,1,10,1/22/2017 17:19,1/22/2017 17:19,NULL
962,HARPIC 500ML,HARPIC 500ML,1,1,1,10,1/22/2017 17:19,1/22/2017 17:19,NULL
598,HARPIC 750ML,HARPIC 750ML,1,1,1,10,1/22/2017 17:19,1/22/2017 17:19,NULL
1834,HARPIC BATHROOM CLEANER,HARPIC BATHROOM CLEANER,1,1,1,10,1/22/2017 17:19,1/22/2017 17:19,NULL
1326,HARPIC BLOW CLEAER 50G,HARPIC BLOW CLEAER 50G,1,1,1,10,1/22/2017 17:19,1/22/2017 17:19,NULL
367,HAWAIAN COOKIES 100G,HAWAIAN COOKIES 100G,1,1,1,10,1/22/2017 17:19,1/22/2017 17:19,NULL
368,HAWAIAN COOKIES 200G,HAWAIAN COOKIES 200G,1,1,1,10,1/22/2017 17:19,1/22/2017 17:19,NULL
693,HAYEYS TORNADO  15W,HAYEYS TORNADO  15W,1,1,1,10,1/22/2017 17:19,1/22/2017 17:19,NULL
695,HAYEYS TORNADO  24W,HAYEYS TORNADO  24W,1,1,1,10,1/22/2017 17:19,1/22/2017 17:19,NULL
692,HAYEYS TORNADO  8W,HAYEYS TORNADO  8W,1,1,1,10,1/22/2017 17:19,1/22/2017 17:19,NULL
694,HAYEYS TORNADO 20W,HAYEYS TORNADO 20W,1,1,1,10,1/22/2017 17:19,1/22/2017 17:19,NULL
691,HAYEYS TORNADO 5W,HAYEYS TORNADO 5W,1,1,1,10,1/22/2017 17:19,1/22/2017 17:19,NULL
87,HAYIEYS ELECTRONICS 45W,HAYIEYS ELECTRONICS 45W,1,1,1,10,1/22/2017 17:19,1/22/2017 17:19,NULL
86,HAYLEYS ELECTONICS 65W,HAYLEYS ELECTONICS 65W,1,1,1,10,1/22/2017 17:19,1/22/2017 17:19,NULL
1743,HEAD & SHOLDER ANTI HAIR FALL 170ML,HEAD & SHOLDER ANTI HAIR FALL 170ML,1,1,1,10,1/22/2017 17:19,1/22/2017 17:19,NULL
1744,HEAD & SHOULDER HAIR FALL 170 ML,HEAD & SHOULDER HAIR FALL 170 ML,1,1,1,10,1/22/2017 17:19,1/22/2017 17:19,NULL
1356,HEAD&SHOULDER 70ML,HEAD&SHOULDER 70ML,1,1,1,10,1/22/2017 17:19,1/22/2017 17:19,NULL
1745,HEAD&SHOULDERS SMOOTH&SILKY/C & B 170ML,HEAD&SHOULDERS SMOOTH&SILKY/C & B 170ML,1,1,1,10,1/22/2017 17:19,1/22/2017 17:19,NULL
819,HIGHLAND BUTTER 200G,HIGHLAND BUTTER 200G,1,1,1,10,1/22/2017 17:19,1/22/2017 17:19,NULL
818,HIGHLAND CURD 1L,HIGHLAND CURD 1L,1,1,1,10,1/22/2017 17:19,1/22/2017 17:19,NULL
817,HIGHLAND CURD 500ML,HIGHLAND CURD 500ML,1,1,1,10,1/22/2017 17:19,1/22/2017 17:19,NULL
813,HIGHLAND GHEE 250ML,HIGHLAND GHEE 250ML,1,1,1,10,1/22/2017 17:19,1/22/2017 17:19,NULL
814,HIGHLAND GHEE 500ML,HIGHLAND GHEE 500ML,1,1,1,10,1/22/2017 17:19,1/22/2017 17:19,NULL
1621,HIGHLAND ICE CREAM 2L,HIGHLAND ICE CREAM 2L,1,1,1,10,1/22/2017 17:19,1/22/2017 17:19,NULL
812,HIGHLAND ICE CREAM 4L,HIGHLAND ICE CREAM 4L,1,1,1,10,1/22/2017 17:19,1/22/2017 17:19,NULL
815,HIGHLAND MILK 900ML,HIGHLAND MILK 900ML,1,1,1,10,1/22/2017 17:19,1/22/2017 17:19,NULL
816,HIGHLAND MILK POWDER 400G,HIGHLAND MILK POWDER 400G,1,1,1,10,1/22/2017 17:19,1/22/2017 17:19,NULL
620,HONEY 1KG,HONEY 1KG,1,1,1,10,1/22/2017 17:19,1/22/2017 17:19,NULL
610,HONEY 25G,HONEY 25G,1,1,1,10,1/22/2017 17:19,1/22/2017 17:19,NULL
1789,HONEY DABUR 50G,HONEY DABUR 50G,1,1,1,10,1/22/2017 17:19,1/22/2017 17:19,NULL
169,HOPPER MIXTURE 400G – ALLI,HOPPER MIXTURE 400G – ALLI,1,1,1,10,1/22/2017 17:19,1/22/2017 17:19,NULL
704,HOPPER MIXTURE 400G – HC,HOPPER MIXTURE 400G – HC,1,1,1,10,1/22/2017 17:19,1/22/2017 17:19,NULL
236,HOPPER MIXTURE 400G – MDK,HOPPER MIXTURE 400G – MDK,1,1,1,10,1/22/2017 17:19,1/22/2017 17:19,NULL
1736,HOPPER MIXTURE 400G – NIKADO,HOPPER MIXTURE 400G – NIKADO,1,1,1,10,1/22/2017 17:19,1/22/2017 17:19,NULL
855,HORLICKS (PACKIT) 400G,HORLICKS (PACKIT) 400G,1,1,1,10,1/22/2017 17:19,1/22/2017 17:19,NULL
1393,HORLICKS 27G,HORLICKS 27G,1,1,1,10,1/22/2017 17:19,1/22/2017 17:19,NULL
1973,HORLICKS 400G JUNIOR,HORLICKS 400G JUNIOR,1,1,1,10,1/22/2017 17:19,1/22/2017 17:19,NULL
274,HORLICKS 400JAR,HORLICKS 400JAR,1,1,1,10,1/22/2017 17:19,1/22/2017 17:19,NULL
942,HORSE GRAM (KOLLU),HORSE GRAM (KOLLU),1,1,1,10,1/22/2017 17:19,1/22/2017 17:19,NULL
740,HUNY 180ML FLORA,HUNY 180ML FLORA,1,1,1,10,1/22/2017 17:19,1/22/2017 17:19,NULL
1248,ICE CONES (L) W/S,ICE CONES (L) W/S,1,1,1,10,1/22/2017 17:19,1/22/2017 17:19,NULL
1247,ICE CONES (S) W/S,ICE CONES (S) W/S,1,1,1,10,1/22/2017 17:19,1/22/2017 17:19,NULL
1516,ICE TUBE,ICE TUBE,1,1,1,10,1/22/2017 17:19,1/22/2017 17:19,NULL
735,ICE–CREAM CHOCOLATE 1L,ICE–CREAM CHOCOLATE 1L,1,1,1,10,1/22/2017 17:19,1/22/2017 17:19,NULL
176,ICE–CREAM CHOCOLATE 2L,ICE–CREAM CHOCOLATE 2L,1,1,1,10,1/22/2017 17:19,1/22/2017 17:19,NULL
730,ICE–CREAM CHOCOLATE 500ML,ICE–CREAM CHOCOLATE 500ML,1,1,1,10,1/22/2017 17:19,1/22/2017 17:19,NULL
1445,ICE–CREAM CHOCOLATE CUP,ICE–CREAM CHOCOLATE CUP,1,1,1,10,1/22/2017 17:19,1/22/2017 17:19,NULL
737,ICE–CREAM DOUBLE DELIGHT 1L,ICE–CREAM DOUBLE DELIGHT 1L,1,1,1,10,1/22/2017 17:19,1/22/2017 17:19,NULL
180,ICE–CREAM FALUDA 60ML,ICE–CREAM FALUDA 60ML,1,1,1,10,1/22/2017 17:19,1/22/2017 17:19,NULL
722,ICE–CREAM FRUIT BLAST 60ML,ICE–CREAM FRUIT BLAST 60ML,1,1,1,10,1/22/2017 17:19,1/22/2017 17:19,NULL
183,ICE–CREAM FRUIT&NUT 1L,ICE–CREAM FRUIT&NUT 1L,1,1,1,10,1/22/2017 17:19,1/22/2017 17:19,NULL
727,ICE–CREAM FRUIT&NUT 2L,ICE–CREAM FRUIT&NUT 2L,1,1,1,10,1/22/2017 17:19,1/22/2017 17:19,NULL
732,ICE–CREAM FRUIT&NUT 500ML,ICE–CREAM FRUIT&NUT 500ML,1,1,1,10,1/22/2017 17:19,1/22/2017 17:19,NULL
724,ICE–CREAM FRUIT&NUT 80ML,ICE–CREAM FRUIT&NUT 80ML,1,1,1,10,1/22/2017 17:19,1/22/2017 17:19,NULL
184,ICE–CREAM HAKURUMIX 1L,ICE–CREAM HAKURUMIX 1L,1,1,1,10,1/22/2017 17:19,1/22/2017 17:19,NULL
1444,ICE–CREAM JELLY CUP,ICE–CREAM JELLY CUP,1,1,1,10,1/22/2017 17:19,1/22/2017 17:19,NULL
1439,ICE–CREAM KARATHAKOLOMBA 1L,ICE–CREAM KARATHAKOLOMBA 1L,1,1,1,10,1/22/2017 17:19,1/22/2017 17:19,NULL
738,ICE–CREAM KRIRIPANI 2L,ICE–CREAM KRIRIPANI 2L,1,1,1,10,1/22/2017 17:19,1/22/2017 17:19,NULL
739,ICE–CREAM MANGO 1L,ICE–CREAM MANGO 1L,1,1,1,10,1/22/2017 17:19,1/22/2017 17:19,NULL
1446,ICE–CREAM MANGO CUP,ICE–CREAM MANGO CUP,1,1,1,10,1/22/2017 17:19,1/22/2017 17:19,NULL
728,ICE–CREAM NECTO 60ML,ICE–CREAM NECTO 60ML,1,1,1,10,1/22/2017 17:19,1/22/2017 17:19,NULL
725,ICE–CREAM PANI KADJU 80ML,ICE–CREAM PANI KADJU 80ML,1,1,1,10,1/22/2017 17:19,1/22/2017 17:19,NULL
1941,ICE–CREAM RS:10.00,ICE–CREAM RS:10.00,1,1,1,10,1/22/2017 17:19,1/22/2017 17:19,NULL
736,ICE–CREAM STRAWBERRY 1L,ICE–CREAM STRAWBERRY 1L,1,1,1,10,1/22/2017 17:19,1/22/2017 17:19,NULL
177,ICE–CREAM STRAWBERRY 2L,ICE–CREAM STRAWBERRY 2L,1,1,1,10,1/22/2017 17:19,1/22/2017 17:19,NULL
731,ICE–CREAM STRAWBERRY 500ML,ICE–CREAM STRAWBERRY 500ML,1,1,1,10,1/22/2017 17:19,1/22/2017 17:19,NULL
1852,ICE–CREAM SWORD 73ML,ICE–CREAM SWORD 73ML,1,1,1,10,1/22/2017 17:19,1/22/2017 17:19,NULL
1440,ICE–CREAM TWIST 1L,ICE–CREAM TWIST 1L,1,1,1,10,1/22/2017 17:19,1/22/2017 17:19,NULL
726,ICE–CREAM VANILLA 1L,ICE–CREAM VANILLA 1L,1,1,1,10,1/22/2017 17:19,1/22/2017 17:19,NULL
185,ICE–CREAM VANILLA 2L,ICE–CREAM VANILLA 2L,1,1,1,10,1/22/2017 17:19,1/22/2017 17:19,NULL
178,ICE–CREAM VANILLA 4L,ICE–CREAM VANILLA 4L,1,1,1,10,1/22/2017 17:19,1/22/2017 17:19,NULL
729,ICE–CREAM VANILLA 500ML,ICE–CREAM VANILLA 500ML,1,1,1,10,1/22/2017 17:19,1/22/2017 17:19,NULL
733,ICE–CREAM VANILLA CHOCOTWIST 1L,ICE–CREAM VANILLA CHOCOTWIST 1L,1,1,1,10,1/22/2017 17:19,1/22/2017 17:19,NULL
723,ICE–CREAM VAVILLA CUP 80ML,ICE–CREAM VAVILLA CUP 80ML,1,1,1,10,1/22/2017 17:19,1/22/2017 17:19,NULL
179,ICE–CREAM WONDER BAR 60ML,ICE–CREAM WONDER BAR 60ML,1,1,1,10,1/22/2017 17:19,1/22/2017 17:19,NULL
734,ICE–CREAM WONDER BITE 55ML,ICE–CREAM WONDER BITE 55ML,1,1,1,10,1/22/2017 17:19,1/22/2017 17:19,NULL
1648,ICE–CREAM WONDER CONE VANILLA,ICE–CREAM WONDER CONE VANILLA,1,1,1,10,1/22/2017 17:19,1/22/2017 17:19,NULL
1676,ICE–WATTALAPPAM,ICE–WATTALAPPAM,1,1,1,10,1/22/2017 17:19,1/22/2017 17:19,NULL
1081,ICING SUGAR 2.5KG PRIME,ICING SUGAR 2.5KG PRIME,1,1,1,10,1/22/2017 17:19,1/22/2017 17:19,NULL
1382,ICING SUGAR 500G,ICING SUGAR 500G,1,1,1,10,1/22/2017 17:19,1/22/2017 17:19,NULL
1628,ICING SUGER 250G,ICING SUGER 250G,1,1,1,10,1/22/2017 17:19,1/22/2017 17:19,NULL
1011,IDHAYAM 1L GOLD,IDHAYAM 1L GOLD,1,1,1,10,1/22/2017 17:19,1/22/2017 17:19,NULL
1012,IDHAYAM 500ML GOLD,IDHAYAM 500ML GOLD,1,1,1,10,1/22/2017 17:19,1/22/2017 17:19,NULL
170,IDLY MIX 400G ALLI,IDLY MIX 400G ALLI,1,1,1,10,1/22/2017 17:19,1/22/2017 17:19,NULL
1601,IDLY MIX 400G MDK,IDLY MIX 400G MDK,1,1,1,10,1/22/2017 17:19,1/22/2017 17:19,NULL
1372,INDULEKHA 100ML,INDULEKHA 100ML,1,1,1,10,1/22/2017 17:19,1/22/2017 17:19,NULL
272,IODEX 10G,IODEX 10G,1,1,1,10,1/22/2017 17:19,1/22/2017 17:19,NULL
1394,IODEX 20G,IODEX 20G,1,1,1,10,1/22/2017 17:19,1/22/2017 17:19,NULL
273,IODEX 4G,IODEX 4G,1,1,1,10,1/22/2017 17:19,1/22/2017 17:19,NULL
639,IODEX 9G,IODEX 9G,1,1,1,10,1/22/2017 17:19,1/22/2017 17:19,NULL
1902,IODEX HEADFAST 18G,IODEX HEADFAST 18G,1,1,1,10,1/22/2017 17:19,1/22/2017 17:19,NULL
1885,JAFFNA CURRY PASTE 60G,JAFFNA CURRY PASTE 60G,1,1,1,10,1/22/2017 17:19,1/22/2017 17:19,NULL
1338,JAM MANGO 1.4KG EDINBOROUGH,JAM MANGO 1.4KG EDINBOROUGH,1,1,1,10,1/22/2017 17:19,1/22/2017 17:19,NULL
1101,JAM MANGO 225G MD,JAM MANGO 225G MD,1,1,1,10,1/22/2017 17:19,1/22/2017 17:19,NULL
783,JAM MANGO 485G MD,JAM MANGO 485G MD,1,1,1,10,1/22/2017 17:19,1/22/2017 17:19,NULL
478,JAM MANGO 510G KIST,JAM MANGO 510G KIST,1,1,1,10,1/22/2017 17:19,1/22/2017 17:19,NULL
60,JAM MIXED FRUIT 1.4KG EDINBOROUGH,JAM MIXED FRUIT 1.4KG EDINBOROUGH,1,1,1,10,1/22/2017 17:19,1/22/2017 17:19,NULL
59,JAM MIXED FRUIT 15G EDINBOROUGH,JAM MIXED FRUIT 15G EDINBOROUGH,1,1,1,10,1/22/2017 17:19,1/22/2017 17:19,NULL
472,JAM MIXED FRUIT 200G KIST,JAM MIXED FRUIT 200G KIST,1,1,1,10,1/22/2017 17:19,1/22/2017 17:19,NULL
1100,JAM MIXED FRUIT 225G MD,JAM MIXED FRUIT 225G MD,1,1,1,10,1/22/2017 17:19,1/22/2017 17:19,NULL
784,JAM MIXED FRUIT 485G  MD,JAM MIXED FRUIT 485G  MD,1,1,1,10,1/22/2017 17:19,1/22/2017 17:19,NULL
1974,JAM MIXED FRUIT 510G KIST,JAM MIXED FRUIT 510G KIST,1,1,1,10,1/22/2017 17:19,1/22/2017 17:19,NULL
1096,JAM ORANGE MARMALADE 15G EDINBOROUGH,JAM ORANGE MARMALADE 15G EDINBOROUGH,1,1,1,10,1/22/2017 17:19,1/22/2017 17:19,NULL
64,JAM ORANGE MARMALADE 450G EDINBOROUGH,JAM ORANGE MARMALADE 450G EDINBOROUGH,1,1,1,10,1/22/2017 17:19,1/22/2017 17:19,NULL
785,JAM ORANGE MARMALADE 485G MD,JAM ORANGE MARMALADE 485G MD,1,1,1,10,1/22/2017 17:19,1/22/2017 17:19,NULL
787,JAM PASSION FRUIT 485G MD,JAM PASSION FRUIT 485G MD,1,1,1,10,1/22/2017 17:19,1/22/2017 17:19,NULL
477,JAM PINEAPPIE 510G KIST,JAM PINEAPPIE 510G KIST,1,1,1,10,1/22/2017 17:19,1/22/2017 17:19,NULL
62,JAM PINEAPPLE 1.4KGEDINBOROUGH,JAM PINEAPPLE 1.4KGEDINBOROUGH,1,1,1,10,1/22/2017 17:19,1/22/2017 17:19,NULL
1102,JAM PINEAPPLE 225G MD,JAM PINEAPPLE 225G MD,1,1,1,10,1/22/2017 17:19,1/22/2017 17:19,NULL
788,JAM PINEAPPLE 485G MD,JAM PINEAPPLE 485G MD,1,1,1,10,1/22/2017 17:19,1/22/2017 17:19,NULL
786,JAM REAL STRAWBERRY 485G MD,JAM REAL STRAWBERRY 485G MD,1,1,1,10,1/22/2017 17:19,1/22/2017 17:19,NULL
61,JAM STRAWBERRY 1.4KG EDINBOROUGH,JAM STRAWBERRY 1.4KG EDINBOROUGH,1,1,1,10,1/22/2017 17:19,1/22/2017 17:19,NULL
1097,JAM STRAWBERRY 15G EDINBOROUGH,JAM STRAWBERRY 15G EDINBOROUGH,1,1,1,10,1/22/2017 17:19,1/22/2017 17:19,NULL
789,JAM STRAWBERRY 485G MD,JAM STRAWBERRY 485G MD,1,1,1,10,1/22/2017 17:19,1/22/2017 17:19,NULL
1709,JAM STRAWBERRY REAL 310G KIST,JAM STRAWBERRY REAL 310G KIST,1,1,1,10,1/22/2017 17:19,1/22/2017 17:19,NULL
1104,JAM STRAWEBERRY 200G KIST,JAM STRAWEBERRY 200G KIST,1,1,1,10,1/22/2017 17:19,1/22/2017 17:19,NULL
1103,JAM STRAWEBERRY MELON 225G MD,JAM STRAWEBERRY MELON 225G MD,1,1,1,10,1/22/2017 17:19,1/22/2017 17:19,NULL
476,JAM STRAWEBERRY MELON 510G KIST,JAM STRAWEBERRY MELON 510G KIST,1,1,1,10,1/22/2017 17:19,1/22/2017 17:19,NULL
480,JAM STRWEBERRY FLV MELON 200G KIST,JAM STRWEBERRY FLV MELON 200G KIST,1,1,1,10,1/22/2017 17:19,1/22/2017 17:19,NULL
670,JAM STRWEBERRY REAL FRUIT 310G KIST,JAM STRWEBERRY REAL FRUIT 310G KIST,1,1,1,10,1/22/2017 17:19,1/22/2017 17:19,NULL
1543,JAM STRWEBERRY REAL FRUIT 310G MD,JAM STRWEBERRY REAL FRUIT 310G MD,1,1,1,10,1/22/2017 17:19,1/22/2017 17:19,NULL
479,JAM WOODAPPIE 200G KIST,JAM WOODAPPIE 200G KIST,1,1,1,10,1/22/2017 17:19,1/22/2017 17:19,NULL
63,JAM WOODAPPLE 1.4KG EDINBOROUGH,JAM WOODAPPLE 1.4KG EDINBOROUGH,1,1,1,10,1/22/2017 17:19,1/22/2017 17:19,NULL
1105,JAM WOODAPPLE 225G MD,JAM WOODAPPLE 225G MD,1,1,1,10,1/22/2017 17:19,1/22/2017 17:19,NULL
790,JAM WOODAPPLE 485G MD,JAM WOODAPPLE 485G MD,1,1,1,10,1/22/2017 17:19,1/22/2017 17:19,NULL
1099,JAM WOODAPPLE 510G KIST,JAM WOODAPPLE 510G KIST,1,1,1,10,1/22/2017 17:19,1/22/2017 17:19,NULL
1712,JAM WOODAPPLE 895G MD,JAM WOODAPPLE 895G MD,1,1,1,10,1/22/2017 17:19,1/22/2017 17:19,NULL
1600,JAMBO PEANUT 185G,JAMBO PEANUT 185G,1,1,1,10,1/22/2017 17:19,1/22/2017 17:19,NULL
1048,JAMBO PEANUT 18G,JAMBO PEANUT 18G,1,1,1,10,1/22/2017 17:19,1/22/2017 17:19,NULL
1049,JAMBO PEANUT 50G,JAMBO PEANUT 50G,1,1,1,10,1/22/2017 17:19,1/22/2017 17:19,NULL
