Id,Code,Name,Description,UnitOfMeasure,CategoryId,CompanyId,ReorderPoint
1909,ITM01,Garlic,Garlic White,2,13,4,10
1910,ITM02,Araliya Red Raw,Araliya Red Raw,2,13,4,10
1911,1268,21 COLLE.FRUIT& NUT 200G KANDOS,21 COLLE.CASHEW NUT MILK CHOCOLATE,2,13,4,10
1912,828,21 COLLE.FRUIT 200G KANDOS,21 COLLE.FRUIT& NUT 200G KANDOS,2,13,4,10
1913,827,21 COLLE.HAZEL NUT 200G KANDOS,21 COLLE.HAZEL NUT 200G KANDOS,2,13,4,10
1914,826,21 COLLECTION MILK 200G KANDOS,21 COLLECTION MILK 200G KANDOS,2,13,4,10
1915,163,4GB 15G,4GB 15G,2,13,4,10
1916,759,4X TOILET BOWL CLEA 5L,4X TOILET BOWL CLEA 5L,2,13,4,10
1917,1961,7UP 2L,7UP 2L,2,13,4,10
1918,1953,7UP 300ML,7UP 300ML,2,13,4,10
1919,1960,7UP 500ML,7UP 500ML,2,13,4,10
1920,1517,A4 PAPER,A4 PAPER,2,13,4,10
1921,1015,AACHI CHILLI POWDER 500G,AACHI CHILLI POWDER 500G,2,13,4,10
1922,1810,AACHI MASALA 200G,AACHI MASALA 200G,2,13,4,10
1923,1003,ACCHI MASALA 500G,ACCHI MASALA 500G,2,13,4,10
1924,1772,AFTERSAVE BLACK KNIGHT 100ML (N),AFTERSAVE BLACK KNIGHT 100ML (N),2,13,4,10
1925,1377,AFTERSHAVE BLACK KNIGHT 100ML,AFTERSHAVE BLACK KNIGHT 100ML,2,13,4,10
1926,157,AH–HA 20G,AH–HA 20G,2,13,4,10
1927,756,AIR FRISHNER 5L,AIR FRISHNER 5L,2,13,4,10
1928,972,AIR WICK GEL RECKIT 50G,AIR WICK GEL RECKIT 50G,2,13,4,10
1929,857,AIRWICK SPRAY 475M RECKIT,AIRWICK SPRAY 475M RECKIT,2,13,4,10
1930,1282,AJI NO MOTO,AJI NO MOTO,2,13,4,10
1931,881,AJI NO MOTO 15G SHAW WALLACE,AJI NO MOTO 15G SHAW WALLACE,2,13,4,10
1932,880,AJI NO MOTO 350G SHAW WALLACE,AJI NO MOTO 350G SHAW WALLACE,2,13,4,10
1933,1557,ALL PURPOSE 5L,ALL PURPOSE 5L,2,13,4,10
1934,1702,ALMOND PASTE–2.5KG,ALMOND PASTE–2.5KG,2,13,4,10
1935,1949,ALU FOIL 24*25,ALU FOIL 24*25,2,13,4,10
1936,520,ALU FOIL 24*37,ALU FOIL 24*37,2,13,4,10
1937,506,ALU FOIL Q SERVE/LAY–45CM,ALU FOIL Q SERVE/LAY–45CM,2,13,4,10
1938,1148,AMBARELLA CHUTNEY 210G,AMBARELLA CHUTNEY 210G,2,13,4,10
1939,1846,AMBARELLA CHUTNEY 490G EDI,AMBARELLA CHUTNEY 490G EDI,2,13,4,10
1940,1847,AMBARELLA CHUTNEY MD,AMBARELLA CHUTNEY MD,2,13,4,10
1941,665,AMLA HAIR OIL 45ML,AMLA HAIR OIL 45ML,2,13,4,10
1942,1764,AMLA HAIR OIL 90ML,AMLA HAIR OIL 90ML,2,13,4,10
1943,664,AMLA PLUS HAIR OIL 50ML HARCOURTS,AMLA PLUS HAIR OIL 50ML HARCOURTS,2,13,4,10
1944,1315,ANCHOR (1–5) MILK POWDER 400G,ANCHOR (1–5) MILK POWDER 400G,2,13,4,10
1945,1502,ANCHOR 1+ MILK POWDER 400G,ANCHOR 1+ MILK POWDER 400G,2,13,4,10
1946,222,ANCHOR BUTTER 100G,ANCHOR BUTTER 100G,2,13,4,10
1947,1734,ANCHOR BUTTER 227G,ANCHOR BUTTER 227G,2,13,4,10
1948,215,ANCHOR BUTTER 7G,ANCHOR BUTTER 7G,2,13,4,10
1949,214,ANCHOR COOKING CREAM 1L,ANCHOR COOKING CREAM 1L,2,13,4,10
1950,1986,ANCHOR MILK CHOCOLATE,ANCHOR MILK CHOCOLATE,2,13,4,10
1951,216,ANCHOR MILK POWDER 1KG,ANCHOR MILK POWDER 1KG,2,13,4,10
1952,218,ANCHOR MILK POWDER 250G,ANCHOR MILK POWDER 250G,2,13,4,10
1953,219,ANCHOR MILK POWDER 400G,ANCHOR MILK POWDER 400G,2,13,4,10
1954,746,ANCHOR MILK POWDER 75G,ANCHOR MILK POWDER 75G,2,13,4,10
1955,1985,ANCHOR MILK VANILA,ANCHOR MILK VANILA,2,13,4,10
1956,747,ANCHOR NON FAT MILK POWDER 400G,ANCHOR NON FAT MILK POWDER 400G,2,13,4,10
1957,483,ANCHOR PEDIA PRI (1–2)400G,ANCHOR PEDIA PRI (1–2)400G,2,13,4,10
1958,484,ANCHOR PEDIA PRO (1–2) 200G,ANCHOR PEDIA PRO (1–2) 200G,2,13,4,10
1959,1313,ANCHOR PEDIA PRO (2–5) 200G,ANCHOR PEDIA PRO (2–5) 200G,2,13,4,10
1960,485,ANCHOR PEDIA PRO (2–5) 400G,ANCHOR PEDIA PRO (2–5) 400G,2,13,4,10
1961,750,ANCHOR WIPING CREAM 1L,ANCHOR WIPING CREAM 1L,2,13,4,10
1962,487,ANLENE 200G,ANLENE 200G,2,13,4,10
1963,486,ANLENE 400G,ANLENE 400G,2,13,4,10
1964,1769,APPLE VINEGAR,APPLE VINEGAR,2,13,4,10
1965,1505,ARALIYA BROCKEN RICE,ARALIYA BROCKEN RICE,2,13,4,10
1966,1496,ARALIYA KEERI SAIMBA,ARALIYA KEERI SAIMBA,2,13,4,10
1967,288,ARALIYA NADU,ARALIYA NADU,2,13,4,10
1968,1263,ARALIYA RAW SAMBA (WHITE),ARALIYA RAW SAMBA (WHITE),2,13,4,10
1969,1137,ARALIYA RED NADU,ARALIYA RED NADU,2,13,4,10
1970,289,ARALIYA RED RAW,ARALIYA RED RAW,2,13,4,10
1971,287,ARALIYA RED RAW SAMBA,ARALIYA RED RAW SAMBA,2,13,4,10
1972,842,ARALIYA RED SAMBA,ARALIYA RED SAMBA,2,13,4,10
1973,286,ARALIYA SAMBA,ARALIYA SAMBA,2,13,4,10
1974,841,ARALIYA SUPIRI KEERI SAMBA 1KG,ARALIYA SUPIRI KEERI SAMBA 1KG,2,13,4,10
1975,843,ARALIYA WHITE RAW,ARALIYA WHITE RAW,2,13,4,10
1976,891,AROMANT SOUP POWDER 1KG,AROMANT SOUP POWDER 1KG,2,13,4,10
1977,67,ARTIFICAL 4L,ARTIFICAL 4L,2,13,4,10
1978,65,ARTIFICAL VINEGAR 750ML,ARTIFICAL VINEGAR 750ML,2,13,4,10
1979,646,ASAMODAGAM (SPIRIT) 380ML,ASAMODAGAM (SPIRIT) 380ML,2,13,4,10
1980,1671,ASPARAGUS 425G NEW,ASPARAGUS 425G NEW,2,13,4,10
1981,1609,ASPARAGUS CREAM,ASPARAGUS CREAM,2,13,4,10
1982,1599,ASTRA 125G,ASTRA 125G,2,13,4,10
1983,552,ASTRA 1KG,ASTRA 1KG,2,13,4,10
1984,550,ASTRA 250G,ASTRA 250G,2,13,4,10
1985,582,ASTRA 40G,ASTRA 40G,2,13,4,10
1986,551,ASTRA 500G,ASTRA 500G,2,13,4,10
1987,1046,ASTRA 5KG,ASTRA 5KG,2,13,4,10
1988,581,ASTRA PUDDY 8G,ASTRA PUDDY 8G,2,13,4,10
1989,979,ATTA AASHIRVAAD,ATTA AASHIRVAAD,2,13,4,10
1990,1811,ATTA PILLSBURY,ATTA PILLSBURY,2,13,4,10
1991,1758,AVAL RED,AVAL RED,2,13,4,10
1992,1113,AVAL WHITE,AVAL WHITE,2,13,4,10
1993,1134,B.B.Q SAUCE EDINBOROUGH,B.B.Q SAUCE EDINBOROUGH,2,13,4,10
1994,1728,B.B.Q SEASONING 50G,B.B.Q SEASONING 50G,2,13,4,10
1995,1899,B.B.Q STICK 12',B.B.Q STICK 12',2,13,4,10
1996,742,B.B.Q STIK (100)8',B.B.Q STIK (100)8',2,13,4,10
1997,1629,B.B.Q STIK [100] 6',B.B.Q STIK [100] 6',2,13,4,10
1998,1682,B.B.Q. STICK (100) 10',B.B.Q. STICK (100) 10',2,13,4,10
1999,247,BABY CHERAMY OIL 100ML,BABY CHERAMY OIL 100ML,2,13,4,10
2000,455,BABY CHERAMY OIL 50ML,BABY CHERAMY OIL 50ML,2,13,4,10
2001,456,BABY CHERAMY OIL HERBALL 100ML,BABY CHERAMY OIL HERBALL 100ML,2,13,4,10
2002,333,BABY RUSKS 100G,BABY RUSKS 100G,2,13,4,10
2003,332,BABY RUSKS 60G,BABY RUSKS 60G,2,13,4,10
2004,1139,BABY SOAP 75*5 CHERAMY,BABY SOAP 75*5 CHERAMY,2,13,4,10
2005,535,BABY SOAP 75*5 PEARS,BABY SOAP 75*5 PEARS,2,13,4,10
2006,446,BABY SOAP 75G CHERAMY,BABY SOAP 75G CHERAMY,2,13,4,10
2007,24,BABY SOAP 75G PEARS,BABY SOAP 75G PEARS,2,13,4,10
2008,317,BACKING POWDER 100G DELMEGE,BACKING POWDER 100G DELMEGE,2,13,4,10
2009,1575,BACKING POWDER 100G MAURI,BACKING POWDER 100G MAURI,2,13,4,10
2010,1431,BACKING POWDER 1KG,BACKING POWDER 1KG,2,13,4,10
2011,318,BACKING POWDER 1KG DELMEGE,BACKING POWDER 1KG DELMEGE,2,13,4,10
2012,1430,BACKING POWDER 50G,BACKING POWDER 50G,2,13,4,10
2013,316,BACKING POWDER 50G DELMEGE,BACKING POWDER 50G DELMEGE,2,13,4,10
2014,1014,BAJJI–BONDA POWDER 200G SAKTHI,BAJJI–BONDA POWDER 200G SAKTHI,2,13,4,10
2015,491,BAKED BEANS HEINZ 420G,BAKED BEANS HEINZ 420G,2,13,4,10
2016,1460,BALL,BALL,2,13,4,10
2017,1090,BAMBOOSHOOT 425G,BAMBOOSHOOT 425G,2,13,4,10
2018,824,BAR CHOCOLATE 45G KANDOS,BAR CHOCOLATE 45G KANDOS,2,13,4,10
2019,1187,BAR CHOCOLATE CASHEW KANDOS,BAR CHOCOLATE CASHEW KANDOS,2,13,4,10
2020,1711,BARELY,BARELY,2,13,4,10
2021,1499,BASAN,BASAN,2,13,4,10
2022,518,BASIL  100G,BASIL  100G,2,13,4,10
2023,1681,BASMATI PREMIER,BASMATI PREMIER,2,13,4,10
2024,1280,BASSMATI RICE,BASSMATI RICE,2,13,4,10
2025,500,BASSMATI SUNBOL RICE,BASSMATI SUNBOL RICE,2,13,4,10
2026,1145,BATHI AMRITHA,BATHI AMRITHA,2,13,4,10
2027,1633,BATHI BIBA,BATHI BIBA,2,13,4,10
2028,1140,BATHI BOBBY,BATHI BOBBY,2,13,4,10
2029,1832,BATHI CHITRAMALA,BATHI CHITRAMALA,2,13,4,10
2030,1021,BATHI ELEPHANT,BATHI ELEPHANT,2,13,4,10
2031,1143,BATHI GIA,BATHI GIA,2,13,4,10
2032,1142,BATHI MANGALAM,BATHI MANGALAM,2,13,4,10
2033,1687,BATHI OLIAGAR,BATHI OLIAGAR,2,13,4,10
2034,1144,BATHI RANGEELA INCENSE STICKS,BATHI RANGEELA INCENSE STICKS,2,13,4,10
2035,1833,BATHI SAPTHAMI,BATHI SAPTHAMI,2,13,4,10
2036,1141,BATHI SIX O'CLCOK INCENSE STICKS,BATHI SIX O'CLCOK INCENSE STICKS,2,13,4,10
2037,831,BATTERY AA,BATTERY AA,2,13,4,10
2038,1180,BATTERY AA ALKALINE,BATTERY AA ALKALINE,2,13,4,10
2039,1176,BATTERY AAA,BATTERY AAA,2,13,4,10
2040,1179,BATTERY AAA ALKALINE,BATTERY AAA ALKALINE,2,13,4,10
2041,1407,BATTERY–9W,BATTERY–9W,2,13,4,10
2042,1405,BATTERY–L,BATTERY–L,2,13,4,10
2043,1406,BATTERY–M,BATTERY–M,2,13,4,10
2044,517,BAY LEAVES WHOLE 100G,BAY LEAVES WHOLE 100G,2,13,4,10
2045,1359,BAYGON 600ML,BAYGON 600ML,2,13,4,10
2046,1916,BAYGON AEROSAL SPRAY 300ML,BAYGON AEROSAL SPRAY 300ML,2,13,4,10
2047,334,BEECEE BISCUITS 100G,BEECEE BISCUITS 100G,2,13,4,10
2048,1898,BELACAN 240G,BELACAN 240G,2,13,4,10
2049,835,BIG 3,BIG 3,2,13,4,10
2050,832,BIG EASY 2,BIG EASY 2,2,13,4,10
2051,1562,BIG ONION,BIG ONION,2,13,4,10
2052,833,BIG ORANGE,BIG ORANGE,2,13,4,10
2053,834,BIG WHITE,BIG WHITE,2,13,4,10
2054,1657,BIO CLEAN 500ML,BIO CLEAN 500ML,2,13,4,10
2055,1660,BIO GLOW PAPAYA MOISTURISING CREAM,BIO GLOW PAPAYA MOISTURISING CREAM,2,13,4,10
2056,1674,BIRIYANI MASALA 50G – MA'S,BIRIYANI MASALA 50G – MA'S,2,13,4,10
2057,998,BIRIYANI MIX 50G – SAKTHI,BIRIYANI MIX 50G – SAKTHI,2,13,4,10
2058,188,BIRIYANI MIX 60G – SHAN,BIRIYANI MIX 60G – SHAN,2,13,4,10
2059,1727,BIRIYANI PASTE 50G – MA'S,BIRIYANI PASTE 50G – MA'S,2,13,4,10
2060,1422,BIRTH DAY CANDLES,BIRTH DAY CANDLES,2,13,4,10
2061,512,BLACK BEANSAUCE 227G,BLACK BEANSAUCE 227G,2,13,4,10
2062,1672,BLACK OLIVES 400G,BLACK OLIVES 400G,2,13,4,10
2063,1549,BLADE,BLADE,2,13,4,10
2064,1950,BLADE BIC,BLADE BIC,2,13,4,10
2065,36,BODY LOTION CARROT 50ML,BODY LOTION CARROT 50ML,2,13,4,10
2066,233,BODY LOTION PAPAYA 50ML,BODY LOTION PAPAYA 50ML,2,13,4,10
2067,1757,BODY LOTION ROSE 50ML,BODY LOTION ROSE 50ML,2,13,4,10
2068,466,BONLAC MILK 1KG,BONLAC MILK 1KG,2,13,4,10
2069,465,BONLAC MILK 400G,BONLAC MILK 400G,2,13,4,10
2070,335,BOURBON 100G,BOURBON 100G,2,13,4,10
2071,468,BOURNVITA 500G,BOURNVITA 500G,2,13,4,10
2072,336,BRAN CRACKER 240G,BRAN CRACKER 240G,2,13,4,10
2073,974,BRASSO 200ML,BRASSO 200ML,2,13,4,10
2074,975,BRASSO 500ML,BRASSO 500ML,2,13,4,10
2075,973,BRASSO 60ML,BRASSO 60ML,2,13,4,10
2076,949,BREAD CRUAM,BREAD CRUAM,2,13,4,10
2077,717,BROWN BAG (L),BROWN BAG (L),2,13,4,10
2078,98,BROWN BAG (S),BROWN BAG (S),2,13,4,10
2079,658,BROWN SUGAR SACHETS,BROWN SUGAR SACHETS,2,13,4,10
2080,1064,BROWN SUGER,BROWN SUGER,2,13,4,10
2081,1119,BUBBLE GUM (RS:2),BUBBLE GUM (RS:2),2,13,4,10
2082,1118,BUBBLE GUM (RS:3),BUBBLE GUM (RS:3),2,13,4,10
2083,107,BUBBLES 100G,BUBBLES 100G,2,13,4,10
2084,106,BUBBLES 45G,BUBBLES 45G,2,13,4,10
2085,1518,BUCKET,BUCKET,2,13,4,10
2086,1865,BUDDY MARIE,BUDDY MARIE,2,13,4,10
2087,686,BULB CLEAR 100W,BULB CLEAR 100W,2,13,4,10
2088,682,BULB CLEAR 25W,BULB CLEAR 25W,2,13,4,10
2089,683,BULB CLEAR 40W,BULB CLEAR 40W,2,13,4,10
2090,684,BULB CLEAR 60W,BULB CLEAR 60W,2,13,4,10
2091,685,BULB CLEAR 75W,BULB CLEAR 75W,2,13,4,10
2092,1979,BULP HYBRID,BULP HYBRID,2,13,4,10
2093,1647,BUTTER 7G,BUTTER 7G,2,13,4,10
2094,996,BUTTER CHILLI,BUTTER CHILLI,2,13,4,10
2095,1493,BUTTER MAYA,BUTTER MAYA,2,13,4,10
2096,1735,BUTTER MAYA 200G,BUTTER MAYA 200G,2,13,4,10
2097,616,BUTTER OIL,BUTTER OIL,2,13,4,10
2098,161,CAKE 220G (BUTTER SPONCGE),CAKE 220G (BUTTER SPONCGE),2,13,4,10
2099,649,CAKE 310G (TIARA),CAKE 310G (TIARA),2,13,4,10
2100,1573,CAKE CHOCALATE ROLL 225G,CAKE CHOCALATE ROLL 225G,2,13,4,10
2101,980,CAKE CHOCO–LOG,CAKE CHOCO–LOG,2,13,4,10
2102,1572,CAKE CREAM 300G LITTLE LION,CAKE CREAM 300G LITTLE LION,2,13,4,10
2103,522,CAKE CUP–WHITE 11.5CM,CAKE CUP–WHITE 11.5CM,2,13,4,10
2104,1571,CAKE MADEIRA 250G,CAKE MADEIRA 250G,2,13,4,10
2105,124,CAKE SWISSROLL200G,CAKE SWISSROLL200G,2,13,4,10
2106,284,CANDLES (S),CANDLES (S),2,13,4,10
2107,283,CANDLES(L),CANDLES(L),2,13,4,10
2108,1756,CANDY FEEL,CANDY FEEL,2,13,4,10
2109,977,CANDY SUGAR,CANDY SUGAR,2,13,4,10
2110,837,CANDYMAN TOFFY,CANDYMAN TOFFY,2,13,4,10
2111,1309,CANNED FISH 2.840G,CANNED FISH 2.840G,2,13,4,10
2112,266,CANNED FISH 425G,CANNED FISH 425G,2,13,4,10
2113,938,CANNED FISH ARALIYA 425G,CANNED FISH ARALIYA 425G,2,13,4,10
2114,874,CANNED FISH CAPTAIN 425G,CANNED FISH CAPTAIN 425G,2,13,4,10
2115,1547,CANNED FISH MEDIUM 230G,CANNED FISH MEDIUM 230G,2,13,4,10
2116,1154,CANNED FISH PLAZA 425G,CANNED FISH PLAZA 425G,2,13,4,10
2117,875,CANNED FISH PLAZA MEDIUM 230G,CANNED FISH PLAZA MEDIUM 230G,2,13,4,10
2118,1680,CANNED FISH PREMIER 425G,CANNED FISH PREMIER 425G,2,13,4,10
2119,876,CANNED FISH SMALL 155G,CANNED FISH SMALL 155G,2,13,4,10
2120,937,CANNED FISH SUPARE 300G,CANNED FISH SUPARE 300G,2,13,4,10
2121,525,CANNED FISH TUNA 185G,CANNED FISH TUNA 185G,2,13,4,10
2122,623,CAPERS 141G,CAPERS 141G,2,13,4,10
2123,1646,CAPERS IN VINIGER 99G,CAPERS IN VINIGER 99G,2,13,4,10
2124,940,CARDAMAN,CARDAMAN,2,13,4,10
2125,1886,CARDAMAN POWDER 25G,CARDAMAN POWDER 25G,2,13,4,10
2126,1183,CARDAMAN&GLOUS 5G,CARDAMAN&GLOUS 5G,2,13,4,10
2127,1589,CARTRIDGES,CARTRIDGES,2,13,4,10
2128,1765,CASEWNUT 45G KANDOS,CASEWNUT 45G KANDOS,2,13,4,10
2129,744,CASHEW NUT FULL,CASHEW NUT FULL,2,13,4,10
2130,745,CASHEW NUT PIECES,CASHEW NUT PIECES,2,13,4,10
2131,743,CASHEW NUT PKT,CASHEW NUT PKT,2,13,4,10
2132,206,CASHEWNUT 100G KANDOS,CASHEWNUT 100G KANDOS,2,13,4,10
2133,1845,CASHEWNUT 160G,CASHEWNUT 160G,2,13,4,10
2134,1328,CERELAC (6M) 250G,CERELAC (6M) 250G,2,13,4,10
2135,1035,CERELAC REDRICE 250G,CERELAC REDRICE 250G,2,13,4,10
2136,1415,CFL 18W,CFL 18W,2,13,4,10
2137,1684,CFL 65W,CFL 65W,2,13,4,10
2138,1862,CFL ORANGE 11W PIN,CFL ORANGE 11W PIN,2,13,4,10
2139,1859,CFL ORANGE 11W SCREW,CFL ORANGE 11W SCREW,2,13,4,10
2140,1417,CFL ORANGE 11W SPIRAL,CFL ORANGE 11W SPIRAL,2,13,4,10
2141,1624,CFL ORANGE 15W PIN U,CFL ORANGE 15W PIN U,2,13,4,10
2142,1416,CFL ORANGE 15W SPIRAL,CFL ORANGE 15W SPIRAL,2,13,4,10
2143,1418,CFL ORANGE 20W PIN,CFL ORANGE 20W PIN,2,13,4,10
2144,1622,CFL ORANGE 5W PIN (U),CFL ORANGE 5W PIN (U),2,13,4,10
2145,1623,CFL ORANGE 5W SCREW,CFL ORANGE 5W SCREW,2,13,4,10
2146,1414,CFL ORANGE 5W SPIRAL PIN,CFL ORANGE 5W SPIRAL PIN,2,13,4,10
2147,1861,CFL ORANGE 7W SCREW,CFL ORANGE 7W SCREW,2,13,4,10
2148,1860,CFL ORANGE 9W SCREW,CFL ORANGE 9W SCREW,2,13,4,10
2149,696,CFL PHILIPS 11W PIN,CFL PHILIPS 11W PIN,2,13,4,10
2150,698,CFL PHILIPS 12W PIN,CFL PHILIPS 12W PIN,2,13,4,10
2151,697,CFL PHILIPS 14W,CFL PHILIPS 14W,2,13,4,10
2152,699,CFL PHILIPS 15W PIN,CFL PHILIPS 15W PIN,2,13,4,10
2153,700,CFL PHILIPS 20W PIN,CFL PHILIPS 20W PIN,2,13,4,10
2154,701,CFL PHILIPS 24W,CFL PHILIPS 24W,2,13,4,10
2155,1855,CFL PHILIPS 5W PIN,CFL PHILIPS 5W PIN,2,13,4,10
2156,1857,CFL PHILIPS 8W (U) S/SCREW,CFL PHILIPS 8W (U) S/SCREW,2,13,4,10
2157,1413,CFL PHILIPS 8W PIN,CFL PHILIPS 8W PIN,2,13,4,10
2158,1856,CFL PHILIPS 8W SCREW,CFL PHILIPS 8W SCREW,2,13,4,10
2159,1004,CHAAT MASALA 50G,CHAAT MASALA 50G,2,13,4,10
2160,237,CHALLANGE 1KG MDK,CHALLANGE 1KG MDK,2,13,4,10
2161,1662,CHANDANALEPA 12G,CHANDANALEPA 12G,2,13,4,10
2162,895,CHANDANALEPA 20G,CHANDANALEPA 20G,2,13,4,10
2163,896,CHANDANALEPA 40G,CHANDANALEPA 40G,2,13,4,10
2164,1982,CHAPATI,CHAPATI,2,13,4,10
2165,1700,CHARCEALL GRILL MATE,CHARCEALL GRILL MATE,2,13,4,10
2166,164,CHARCHOL 3KG,CHARCHOL 3KG,2,13,4,10
2167,822,CHASHEWNUT 45G KANDOS,CHASHEWNUT 45G KANDOS,2,13,4,10
2168,749,CHEES 176(S) ANCHOR,CHEES 176(S) ANCHOR,2,13,4,10
2169,1704,CHEESE (28) ANCHOR,CHEESE (28) ANCHOR,2,13,4,10
2170,213,CHEESE 1*44 ANCHOR,CHEESE 1*44 ANCHOR,2,13,4,10
2171,337,CHEESE BUTTON 170G,CHEESE BUTTON 170G,2,13,4,10
2172,338,CHEESE BUTTON 215G,CHEESE BUTTON 215G,2,13,4,10
2173,340,CHEESE CRACKER 100G,CHEESE CRACKER 100G,2,13,4,10
2174,339,CHEESE CRACKER 200G,CHEESE CRACKER 200G,2,13,4,10
2175,1434,CHEESE EDAM (BOLL CHEES),CHEESE EDAM (BOLL CHEES),2,13,4,10
2176,1436,CHEESE GOUDA (BLOCK CHEESE),CHEESE GOUDA (BLOCK CHEESE),2,13,4,10
2177,708,CHEESE HAPPY COW,CHEESE HAPPY COW,2,13,4,10
2178,1512,CHEESE MILCA 200G,CHEESE MILCA 200G,2,13,4,10
2179,1694,CHEESE MOZZ SGREDDED 100G,CHEESE MOZZ SGREDDED 100G,2,13,4,10
2180,1613,CHEESE PAMASTERN,CHEESE PAMASTERN,2,13,4,10
2181,608,CHEESE SLICES (10 PEACES) 200G,CHEESE SLICES (10 PEACES) 200G,2,13,4,10
2182,607,CHEESE SLICES (60 PEACES) 800G,CHEESE SLICES (60 PEACES) 800G,2,13,4,10
2183,606,CHEESE SLICES (8 PEACES) 150G,CHEESE SLICES (8 PEACES) 150G,2,13,4,10
2184,1677,CHEESE SPREAD 180G,CHEESE SPREAD 180G,2,13,4,10
2185,341,CHEEZES 170G,CHEEZES 170G,2,13,4,10
2186,621,CHERRY GREEN 28OZ,CHERRY GREEN 28OZ,2,13,4,10
2187,625,CHERRY RED 28OZ,CHERRY RED 28OZ,2,13,4,10
2188,767,CHICK SHOMPOO 90ML,CHICK SHOMPOO 90ML,2,13,4,10
2189,1726,CHICKEN CURRY PASTE 50G,CHICKEN CURRY PASTE 50G,2,13,4,10
2190,1008,CHICKEN MASALA 50G,CHICKEN MASALA 50G,2,13,4,10
2191,1584,CHICKEN MASALA FREELAN,CHICKEN MASALA FREELAN,2,13,4,10
2192,1583,CHICKEN MASALA WIJAY 50G,CHICKEN MASALA WIJAY 50G,2,13,4,10
2193,1945,CHICKEN SEAS POWDER 8G,CHICKEN SEAS POWDER 8G,2,13,4,10
2194,39,CHICKEN SEASONING 1KG UNILEVER,CHICKEN SEASONING 1KG UNILEVER,2,13,4,10
2195,1136,CHICKEN SEASONING 500G EDINBOROUGH,CHICKEN SEASONING 500G EDINBOROUGH,2,13,4,10
2196,253,CHICKEN SEASONING 500G MAGGI,CHICKEN SEASONING 500G MAGGI,2,13,4,10
2197,1967,CHICKEN SEASONNING 500G UNILEVER,CHICKEN SEASONNING 500G UNILEVER,2,13,4,10
2198,1891,CHICKEN STOCK POWDER 100G,CHICKEN STOCK POWDER 100G,2,13,4,10
2199,590,CHICKEN–BACK QUARTER,CHICKEN–BACK QUARTER,2,13,4,10
2200,15,CHICKEN–BREAST,CHICKEN–BREAST,2,13,4,10
2201,591,CHICKEN–DRUMSTICK,CHICKEN–DRUMSTICK,2,13,4,10
2202,14,CHICKEN–FULL,CHICKEN–FULL,2,13,4,10
2203,16,CHICKEN–THIGH,CHICKEN–THIGH,2,13,4,10
2204,1592,CHIEFS HET (CAP),CHIEFS HET (CAP),2,13,4,10
2205,1107,CHILLI & GARLIC SAUCE 400GM,CHILLI & GARLIC SAUCE 400GM,2,13,4,10
2206,1766,CHILLI PASTE 1KG EDINB0ROUGH,CHILLI PASTE 1KG EDINB0ROUGH,2,13,4,10
2207,74,CHILLI PASTE 1KG EDINBOROUGH,CHILLI PASTE 1KG EDINBOROUGH,2,13,4,10
2208,75,CHILLI PASTE 325G EDINBOROUGH,CHILLI PASTE 325G EDINBOROUGH,2,13,4,10
2209,414,CHILLI PIECES 100G KOTMALE,CHILLI PIECES 100G KOTMALE,2,13,4,10
2210,1835,CHILLI PIECES 100G WIJAYA,CHILLI PIECES 100G WIJAYA,2,13,4,10
2211,416,CHILLI PIECES 250G KOTMALE,CHILLI PIECES 250G KOTMALE,2,13,4,10
2212,1524,CHILLI PIECES 500G KOTMALE,CHILLI PIECES 500G KOTMALE,2,13,4,10
2213,239,CHILLI PIECES 500G WIJAYA,CHILLI PIECES 500G WIJAYA,2,13,4,10
2214,415,CHILLI PIECES 50G KOTMALE,CHILLI PIECES 50G KOTMALE,2,13,4,10
2215,1870,CHILLI PIECES 50G WIJAY,CHILLI PIECES 50G WIJAY,2,13,4,10
2216,412,CHILLI POWDER 100G KOTMALE,CHILLI POWDER 100G KOTMALE,2,13,4,10
2217,1782,CHILLI POWDER 100G WIJAY,CHILLI POWDER 100G WIJAY,2,13,4,10
2218,411,CHILLI POWDER 250G KOTMALE,CHILLI POWDER 250G KOTMALE,2,13,4,10
2219,1781,CHILLI POWDER 250G WIJAY,CHILLI POWDER 250G WIJAY,2,13,4,10
2220,1523,CHILLI POWDER 500G KOTMALA,CHILLI POWDER 500G KOTMALA,2,13,4,10
2221,201,CHILLI POWDER 500G WIJAYA,CHILLI POWDER 500G WIJAYA,2,13,4,10
2222,413,CHILLI POWDER 50G KOTMALE,CHILLI POWDER 50G KOTMALE,2,13,4,10
2223,1783,CHILLI POWDER 50G WIJAY,CHILLI POWDER 50G WIJAY,2,13,4,10
2224,481,CHILLI SAUCE 190G KIST,CHILLI SAUCE 190G KIST,2,13,4,10
2225,1164,CHILLI SAUCE 1KG EDINBOROUGH,CHILLI SAUCE 1KG EDINBOROUGH,2,13,4,10
2226,807,CHILLI SAUCE 200G MD,CHILLI SAUCE 200G MD,2,13,4,10
2227,482,CHILLI SAUCE 375G KIST,CHILLI SAUCE 375G KIST,2,13,4,10
2228,806,CHILLI SAUCE 400G MD,CHILLI SAUCE 400G MD,2,13,4,10
2229,342,CHO CHIP COOKIES 100G,CHO CHIP COOKIES 100G,2,13,4,10
2230,104,CHOC–MO 100G,CHOC–MO 100G,2,13,4,10
2231,103,CHOC–MO 40G,CHOC–MO 40G,2,13,4,10
2232,210,CHOCO BUDDY 5G KANDOS,CHOCO BUDDY 5G KANDOS,2,13,4,10
2233,343,CHOCO CREAM 400G,CHOCO CREAM 400G,2,13,4,10
2234,1288,CHOCO PANUT 25G,CHOCO PANUT 25G,2,13,4,10
2235,136,CHOCOLATE 100G RS:100,CHOCOLATE 100G RS:100,2,13,4,10
2236,168,CHOCOLATE 10G RS:10,CHOCOLATE 10G RS:10,2,13,4,10
2237,133,CHOCOLATE 20G RS:20,CHOCOLATE 20G RS:20,2,13,4,10
2238,134,CHOCOLATE 30G RS:30,CHOCOLATE 30G RS:30,2,13,4,10
2239,1269,CHOCOLATE 37G RS:40,CHOCOLATE 37G RS:40,2,13,4,10
2240,135,CHOCOLATE 50G RS:50,CHOCOLATE 50G RS:50,2,13,4,10
2241,345,CHOCOLATE CAROLS 100G,CHOCOLATE CAROLS 100G,2,13,4,10
2242,344,CHOCOLATE CAROLS 275G,CHOCOLATE CAROLS 275G,2,13,4,10
2243,346,CHOCOLATE CREAM 100G,CHOCOLATE CREAM 100G,2,13,4,10
2244,347,CHOCOLATE CREAM 400G,CHOCOLATE CREAM 400G,2,13,4,10
2245,128,CHOCOLATE FINGERS 100G,CHOCOLATE FINGERS 100G,2,13,4,10
2246,129,CHOCOLATE FINGERS 130G,CHOCOLATE FINGERS 130G,2,13,4,10
2247,99,CHOCOLATE FINGERS 16G,CHOCOLATE FINGERS 16G,2,13,4,10
2248,130,CHOCOLATE FINGERS 200G,CHOCOLATE FINGERS 200G,2,13,4,10
2249,126,CHOCOLATE FINGERS 28G,CHOCOLATE FINGERS 28G,2,13,4,10
2250,127,CHOCOLATE FINGERS 40G,CHOCOLATE FINGERS 40G,2,13,4,10
2251,349,CHOCOLATE MARIE 400G,CHOCOLATE MARIE 400G,2,13,4,10
2252,350,CHOCOLATE MARIE 90G,CHOCOLATE MARIE 90G,2,13,4,10
2253,351,CHOCOLATE PUFF 100G,CHOCOLATE PUFF 100G,2,13,4,10
2254,352,CHOCOLATE PUFF 200G,CHOCOLATE PUFF 200G,2,13,4,10
2255,1794,CHOCOLATE S/L FRUIT&NUT,CHOCOLATE S/L FRUIT&NUT,2,13,4,10
2256,1793,CHOCOLATE S/L MILK,CHOCOLATE S/L MILK,2,13,4,10
2257,987,CHOCOLATE–DUO,CHOCOLATE–DUO,2,13,4,10
2258,209,CHOCONUT LARGE 90G KANDOS,CHOCONUT LARGE 90G KANDOS,2,13,4,10
2259,207,CHOCONUT MINI 30G KANDOS,CHOCONUT MINI 30G KANDOS,2,13,4,10
2260,208,CHOCONUT SMALL 50G KANDOS,CHOCONUT SMALL 50G KANDOS,2,13,4,10
2261,1132,CHOCOS 125G,CHOCOS 125G,2,13,4,10
2262,603,CHOCOS 27G,CHOCOS 27G,2,13,4,10
2263,1089,CHOCOS 375G,CHOCOS 375G,2,13,4,10
2264,1098,CHOW CHOW 490G MD,CHOW CHOW 490G MD,2,13,4,10
2265,101,CHUNKY CHOC 120G,CHUNKY CHOC 120G,2,13,4,10
2266,102,CHUNKY CHOC 200G,CHUNKY CHOC 200G,2,13,4,10
2267,100,CHUNKY CHOO TRIO 60G,CHUNKY CHOO TRIO 60G,2,13,4,10
2268,1063,CINNAMAN STICK,CINNAMAN STICK,2,13,4,10
2269,1809,CINNAMON POWDER 60G,CINNAMON POWDER 60G,2,13,4,10
2270,1365,CLAEN&CLEAR 500ML,CLAEN&CLEAR 500ML,2,13,4,10
2271,1354,CLAEN&CLEAR FASH WASH 100ML,CLAEN&CLEAR FASH WASH 100ML,2,13,4,10
2272,555,CLEAR ICE COOL 90ML,CLEAR ICE COOL 90ML,2,13,4,10
2273,561,CLEAR MEN 90ML,CLEAR MEN 90ML,2,13,4,10
2274,1454,CLEAR SHAMPOO 6.5ML,CLEAR SHAMPOO 6.5ML,2,13,4,10
2275,556,CLEAR WOMEN 90ML,CLEAR WOMEN 90ML,2,13,4,10
2276,530,"CLING FILM ""200""""""","CLING FILM ""200""""""",2,13,4,10
2277,1701,CLING FILM 300M * 30CM,CLING FILM 300M * 30CM,2,13,4,10
2278,1586,CLING FILM 45CM*600CM,CLING FILM 45CM*600CM,2,13,4,10
2279,521,CLING FILM–SMALL (45CM*300CM),CLING FILM–SMALL (45CM*300CM),2,13,4,10
2280,449,CLOGARD MOUTHWASH 200ML,CLOGARD MOUTHWASH 200ML,2,13,4,10
2281,862,CLOGARD TOOTH GEL 40G,CLOGARD TOOTH GEL 40G,2,13,4,10
2282,1501,CLOGARD TOOTH PASTE,CLOGARD TOOTH PASTE,2,13,4,10
2283,1157,CLOGARD TOOTH PASTE 120G,CLOGARD TOOTH PASTE 120G,2,13,4,10
2284,861,CLOGARD TOOTH PASTE 200G,CLOGARD TOOTH PASTE 200G,2,13,4,10
2285,860,CLOGARD TOOTH PASTE 40G,CLOGARD TOOTH PASTE 40G,2,13,4,10
2286,1158,CLOGARD TOOTH PASTE 70G,CLOGARD TOOTH PASTE 70G,2,13,4,10
2287,1317,CLOROX 1L,CLOROX 1L,2,13,4,10
2288,1316,CLOROX 500ML,CLOROX 500ML,2,13,4,10
2289,51,CLOSEUP 120G,CLOSEUP 120G,2,13,4,10
2290,531,CLOSEUP 40G,CLOSEUP 40G,2,13,4,10
2291,1567,CLOSEUP 80G,CLOSEUP 80G,2,13,4,10
2292,1965,CLOVE POWDER,CLOVE POWDER,2,13,4,10
2293,941,CLOVES,CLOVES,2,13,4,10
2294,84,COCACOLA 2L PET,COCACOLA 2L PET,2,13,4,10
2295,1507,COCACOLA 400ML PET,COCACOLA 400ML PET,2,13,4,10
2296,81,COCACOLA 750ML PET,COCACOLA 750ML PET,2,13,4,10
2297,498,COCOA PEBBLES CEREAL 290G,COCOA PEBBLES CEREAL 290G,2,13,4,10
2298,1130,COCOA POWDER,COCOA POWDER,2,13,4,10
2299,1442,COCOA POWDER 100G,COCOA POWDER 100G,2,13,4,10
2300,493,COCOA POWDER 1KG EAST–WEST,COCOA POWDER 1KG EAST–WEST,2,13,4,10
2301,1432,COCOA POWDER 50G,COCOA POWDER 50G,2,13,4,10
2302,1047,COCONUT,COCONUT,2,13,4,10
2303,1358,COCONUT MILK POWDER 125G MAGGI,COCONUT MILK POWDER 125G MAGGI,2,13,4,10
2304,1028,COCONUT MILK POWDER 1KG MAGGI,COCONUT MILK POWDER 1KG MAGGI,2,13,4,10
2305,877,COCONUT MILK POWDER 1KG RENUKA,COCONUT MILK POWDER 1KG RENUKA,2,13,4,10
2306,251,COCONUT MILK POWDER 25G,COCONUT MILK POWDER 25G,2,13,4,10
2307,878,COCONUT MILK POWDER 300G RENUKA,COCONUT MILK POWDER 300G RENUKA,2,13,4,10
2308,1029,COCONUT MILK POWDER 330G MAGGI,COCONUT MILK POWDER 330G MAGGI,2,13,4,10
2309,1058,COCONUT OIL 1B,COCONUT OIL 1B,2,13,4,10
2310,1578,COCONUT OIL 1L (FORTUNE),COCONUT OIL 1L (FORTUNE),2,13,4,10
2311,1375,COCONUT OIL 200ML,COCONUT OIL 200ML,2,13,4,10
2312,1059,COCONUT OIL KG,COCONUT OIL KG,2,13,4,10
2313,232,COCONUT OIL VIMAL 1KG,COCONUT OIL VIMAL 1KG,2,13,4,10
2314,753,COCONUT OIL VIMAL 750ML,COCONUT OIL VIMAL 750ML,2,13,4,10
2315,1318,COCONUT VINEGAR 325ML,COCONUT VINEGAR 325ML,2,13,4,10
2316,66,COCONUT VINEGAR 750ML,COCONUT VINEGAR 750ML,2,13,4,10
2317,1820,COCOUNT OIL 1L TASTYY,COCOUNT OIL 1L TASTYY,2,13,4,10
2318,410,COFFEE 100G,COFFEE 100G,2,13,4,10
2319,187,COFFEE 200G,COFFEE 200G,2,13,4,10
2320,703,COFFEE 20G,COFFEE 20G,2,13,4,10
2321,702,COFFEE 50G,COFFEE 50G,2,13,4,10
2322,657,COFFEE CREAMER SACHETS,COFFEE CREAMER SACHETS,2,13,4,10
2323,1178,COFFEE MATE,COFFEE MATE,2,13,4,10
2324,970,COLMANS ORANGE 140GM,COLMANS ORANGE 140GM,2,13,4,10
2325,969,COLMANS ORANGE 20GM,COLMANS ORANGE 20GM,2,13,4,10
2326,1307,COLMANS ORANGE 500G,COLMANS ORANGE 500G,2,13,4,10
2327,1631,COLOGNE ABSOLUTE BLUE 22ML,COLOGNE ABSOLUTE BLUE 22ML,2,13,4,10
2328,244,COLOGNE BABY CHERAMY 100ML,COLOGNE BABY CHERAMY 100ML,2,13,4,10
2329,1606,COLOGNE BABY CHERAMY 100ML*3,COLOGNE BABY CHERAMY 100ML*3,2,13,4,10
2330,1345,COLOGNE BABY CHERAMY 200ML,COLOGNE BABY CHERAMY 200ML,2,13,4,10
2331,445,COLOGNE BABY CHERAMY 50ML,COLOGNE BABY CHERAMY 50ML,2,13,4,10
2332,1722,COLOGNE CHARLE,COLOGNE CHARLE,2,13,4,10
2333,762,COLOGNE KHOMBA BABY 100ML,COLOGNE KHOMBA BABY 100ML,2,13,4,10
2334,763,COLOGNE KHOMBA BABY 50ML,COLOGNE KHOMBA BABY 50ML,2,13,4,10
2335,53,COLOGNE PEARS BABY 100ML,COLOGNE PEARS BABY 100ML,2,13,4,10
2336,1840,COLOGNE PEARS BABY 50ML,COLOGNE PEARS BABY 50ML,2,13,4,10
2337,1763,COLOGNE SPRAY BLACK KNIGHT 50ML,COLOGNE SPRAY BLACK KNIGHT 50ML,2,13,4,10
2338,1376,COLOGNE SPRAY BLACK&KNIGHT 100ML,COLOGNE SPRAY BLACK&KNIGHT 100ML,2,13,4,10
2339,673,COLOURING APPLE GREEN 28ML RASARCO,COLOURING APPLE GREEN 28ML RASARCO,2,13,4,10
2340,1896,COLOURING APPLE GREEN 28ML SCAN,COLOURING APPLE GREEN 28ML SCAN,2,13,4,10
2341,679,COLOURING BARNEY PURPLE 28ML RASARCO,COLOURING BARNEY PURPLE 28ML RASARCO,2,13,4,10
2342,681,COLOURING BLACK 28ML RASARCO,COLOURING BLACK 28ML RASARCO,2,13,4,10
2343,305,COLOURING BLUE 28ML DELMEGE,COLOURING BLUE 28ML DELMEGE,2,13,4,10
2344,675,COLOURING BLUE 28ML RASARCO,COLOURING BLUE 28ML RASARCO,2,13,4,10
2345,306,COLOURING BROWN 28ML DELMEGE,COLOURING BROWN 28ML DELMEGE,2,13,4,10
2346,678,COLOURING BROWN 28ML RASARCO,COLOURING BROWN 28ML RASARCO,2,13,4,10
2347,503,COLOURING COCHINEAL 28ML,COLOURING COCHINEAL 28ML,2,13,4,10
2348,1951,COLOURING COCHINEAL 28ML S/B,COLOURING COCHINEAL 28ML S/B,2,13,4,10
2349,303,COLOURING EGG YELLOW 28ML DELMEGE,COLOURING EGG YELLOW 28ML DELMEGE,2,13,4,10
2350,3033,COLOURING EGG YELLOW 28ML DELMEGE,COLOURING EGG YELLOW 28ML DELMEGE,2,13,4,10
2351,301,COLOURING GREEN 28ML DELMEGE,COLOURING GREEN 28ML DELMEGE,2,13,4,10
2352,674,COLOURING GREEN 28ML RASARCO,COLOURING GREEN 28ML RASARCO,2,13,4,10
2353,676,COLOURING LEMON YELLOW 28ML RASARCO,COLOURING LEMON YELLOW 28ML RASARCO,2,13,4,10
2354,677,COLOURING ORANGE 28ML RASARCO,COLOURING ORANGE 28ML RASARCO,2,13,4,10
2355,680,COLOURING PILLAR BOX RED 28ML RASARCO,COLOURING PILLAR BOX RED 28ML RASARCO,2,13,4,10
2356,1555,COLOURING POINTING 500G,COLOURING POINTING 500G,2,13,4,10
2357,1171,COLOURING PUPLE 28ML RASARCO,COLOURING PUPLE 28ML RASARCO,2,13,4,10
2358,300,COLOURING RED 28ML DELMEGE,COLOURING RED 28ML DELMEGE,2,13,4,10
2359,304,COLOURING ROSE PINK 28ML DELMEGE,COLOURING ROSE PINK 28ML DELMEGE,2,13,4,10
2360,302,COLOURING YELLOW 28ML DELMEGE,COLOURING YELLOW 28ML DELMEGE,2,13,4,10
2361,577,COMFORT 200ML,COMFORT 200ML,2,13,4,10
2362,574,COMFORT 20ML,COMFORT 20ML,2,13,4,10
2363,757,COMFORT 5L,COMFORT 5L,2,13,4,10
2364,575,COMFORT 800ML GREEN,COMFORT 800ML GREEN,2,13,4,10
2365,578,COMFORT 800ML PINK,COMFORT 800ML PINK,2,13,4,10
2366,1830,COMFORT 800ML ULTRA,COMFORT 800ML ULTRA,2,13,4,10
2367,576,COMFORT 90ML,COMFORT 90ML,2,13,4,10
2368,1644,COMFORT SOFTLAN 1L,COMFORT SOFTLAN 1L,2,13,4,10
2369,1121,COMFORT SOFTLAN 2L,COMFORT SOFTLAN 2L,2,13,4,10
2370,1022,COMPHOR(SOODAM),COMPHOR(SOODAM),2,13,4,10
2371,1659,COOKING CHOCOLATE A 1KG,COOKING CHOCOLATE A 1KG,2,13,4,10
2372,154,COOKING CHOCOLATE DARK 1.8KG,COOKING CHOCOLATE DARK 1.8KG,2,13,4,10
2373,1645,COOKING CHOCOLATE DARK 1KG EAST–WEST,COOKING CHOCOLATE DARK 1KG EAST–WEST,2,13,4,10
2374,153,COOKING CHOCOLATE DARK 400G,COOKING CHOCOLATE DARK 400G,2,13,4,10
2375,1272,COOKING CHOCOLATE G–A 200G,COOKING CHOCOLATE G–A 200G,2,13,4,10
2376,1271,COOKING CHOCOLATE G–B 1KG,COOKING CHOCOLATE G–B 1KG,2,13,4,10
2377,1593,COOKING CHOCOLATE WHITE 1.8 KG,COOKING CHOCOLATE WHITE 1.8 KG,2,13,4,10
2378,1458,COOL PERFUME 2.5ML,COOL PERFUME 2.5ML,2,13,4,10
2379,1787,COOLY,COOLY,2,13,4,10
2380,1045,CORDIAL LIME 750ML MD,CORDIAL LIME 750ML MD,2,13,4,10
2381,1867,CORDIAL MANGO 750ML KIST,CORDIAL MANGO 750ML KIST,2,13,4,10
2382,797,CORDIAL MANGO 750ML MD,CORDIAL MANGO 750ML MD,2,13,4,10
2383,469,CORDIAL MIX FRUIT 750ML KIST,CORDIAL MIX FRUIT 750ML KIST,2,13,4,10
2384,1302,CORDIAL MIXED FRUIT 400ML MD,CORDIAL MIXED FRUIT 400ML MD,2,13,4,10
2385,798,CORDIAL MIXED FRUIT 750ML MD,CORDIAL MIXED FRUIT 750ML MD,2,13,4,10
2386,799,CORDIAL NELLI 750ML MD,CORDIAL NELLI 750ML MD,2,13,4,10
2387,1300,CORDIAL ORANGE 400ML MD,CORDIAL ORANGE 400ML MD,2,13,4,10
2388,471,CORDIAL ORANGE 750ML KIST,CORDIAL ORANGE 750ML KIST,2,13,4,10
2389,802,CORDIAL ORANGE 750ML MD,CORDIAL ORANGE 750ML MD,2,13,4,10
2390,1303,CORDIAL ORANGE/MIXED FRUIT 2L,CORDIAL ORANGE/MIXED FRUIT 2L,2,13,4,10
2391,1301,CORDIAL PASSION FRUIT 400ML MD,CORDIAL PASSION FRUIT 400ML MD,2,13,4,10
2392,470,CORDIAL PASSION FRUIT 750ML KIST,CORDIAL PASSION FRUIT 750ML KIST,2,13,4,10
2393,800,CORDIAL PASSION FRUIT 750ML MD,CORDIAL PASSION FRUIT 750ML MD,2,13,4,10
2394,801,CORDIAL PINEAPPLE 750ML MD,CORDIAL PINEAPPLE 750ML MD,2,13,4,10
2395,1308,CORDIAL POWDER,CORDIAL POWDER,2,13,4,10
2396,958,CORIANDER SEEDS,CORIANDER SEEDS,2,13,4,10
2397,952,CORN,CORN,2,13,4,10
2398,1131,CORN FLAKES 100G,CORN FLAKES 100G,2,13,4,10
2399,626,CORN FLAKES 18OZ,CORN FLAKES 18OZ,2,13,4,10
2400,1087,CORN FLAKES 250G,CORN FLAKES 250G,2,13,4,10
2401,1453,CORN FLAKES 25G,CORN FLAKES 25G,2,13,4,10
2402,1605,CORN FLOUR  PAKET,CORN FLOUR  PAKET,2,13,4,10
2403,314,CORN FLOUR 100G DELMEGE,CORN FLOUR 100G DELMEGE,2,13,4,10
2404,1670,CORN FLOUR 100G MD,CORN FLOUR 100G MD,2,13,4,10
2405,315,CORN FLOUR 200G DELMEGE,CORN FLOUR 200G DELMEGE,2,13,4,10
2406,499,CORN FLOUR(LOOSE),CORN FLOUR(LOOSE),2,13,4,10
2407,463,COTTON BUDS,COTTON BUDS,2,13,4,10
2408,1327,COTTON BUDS,COTTON BUDS,2,13,4,10
2409,211,COW&GAT 400G,COW&GAT 400G,2,13,4,10
2410,1188,CRACKER JACK 45G,CRACKER JACK 45G,2,13,4,10
2411,353,CREAM BISCUITS 400G CBL,CREAM BISCUITS 400G CBL,2,13,4,10
2412,516,CREAM CORN  425G,CREAM CORN  425G,2,13,4,10
2413,433,CREAM SODA 1.5L PET,CREAM SODA 1.5L PET,2,13,4,10
2414,1954,CREAM SODA 300ML,CREAM SODA 300ML,2,13,4,10
2415,711,CREAM SODA 500ML PET C,CREAM SODA 500ML PET C,2,13,4,10
2416,437,CREAM SODA 500ML PET E,CREAM SODA 500ML PET E,2,13,4,10
2417,245,CREAM*BABY CHERAMY 100ML,CREAM*BABY CHERAMY 100ML,2,13,4,10
2418,246,CREAM*BABY CHERAMY 200ML,CREAM*BABY CHERAMY 200ML,2,13,4,10
2419,454,CREAM*BABY CHERAMY 400ML,CREAM*BABY CHERAMY 400ML,2,13,4,10
2420,1349,CREAM*BABY CHERAMY 50ML,CREAM*BABY CHERAMY 50ML,2,13,4,10
2421,761,CREAM*KHOMBA BABY 100ML,CREAM*KHOMBA BABY 100ML,2,13,4,10
2422,1464,CREAM*PEARS BABY 100ML,CREAM*PEARS BABY 100ML,2,13,4,10
2423,42,CREAM*PEARS BABY 200ML,CREAM*PEARS BABY 200ML,2,13,4,10
2424,1812,CREAM*PEARS BABY 50ML,CREAM*PEARS BABY 50ML,2,13,4,10
2425,354,CRUNCH BISCUITS 120G,CRUNCH BISCUITS 120G,2,13,4,10
2426,355,CRUNCH BISCUITS 60G,CRUNCH BISCUITS 60G,2,13,4,10
2427,357,CRUNCHEE CAROL 275G,CRUNCHEE CAROL 275G,2,13,4,10
2428,356,CRUNGHEE CAROL 100G,CRUNGHEE CAROL 100G,2,13,4,10
2429,1275,CUMMIN SEED 100G,CUMMIN SEED 100G,2,13,4,10
2430,954,CUMMIN SEEDS,CUMMIN SEEDS,2,13,4,10
2431,900,CUP DISTOSADLE 150ML,CUP DISTOSADLE 150ML,2,13,4,10
2432,78,CURD 1L RICH LIFE,CURD 1L RICH LIFE,2,13,4,10
2433,77,CURD 500ML RICH LIFE,CURD 500ML RICH LIFE,2,13,4,10
2434,1075,CURD CREAMY 1L,CURD CREAMY 1L,2,13,4,10
2435,419,CURRY POWDER 100G KOTMALE,CURRY POWDER 100G KOTMALE,2,13,4,10
2436,1785,CURRY POWDER 100G WIJAYA,CURRY POWDER 100G WIJAYA,2,13,4,10
2437,418,CURRY POWDER 250G KOTMALE,CURRY POWDER 250G KOTMALE,2,13,4,10
2438,1784,CURRY POWDER 250G WIJAYA,CURRY POWDER 250G WIJAYA,2,13,4,10
2439,417,CURRY POWDER 500G KOTMALE,CURRY POWDER 500G KOTMALE,2,13,4,10
2440,202,CURRY POWDER 500G WIJAYA,CURRY POWDER 500G WIJAYA,2,13,4,10
2441,420,CURRY POWDER 50G KOTMALE,CURRY POWDER 50G KOTMALE,2,13,4,10
2442,1786,CURRY POWDER 50G WIJAYA,CURRY POWDER 50G WIJAYA,2,13,4,10
2443,313,CUSTARD 340G DELMEGE,CUSTARD 340G DELMEGE,2,13,4,10
2444,358,CUSTARD CREAM 100G,CUSTARD CREAM 100G,2,13,4,10
2445,1438,CUSTARD POWDER 100G,CUSTARD POWDER 100G,2,13,4,10
2446,1752,CUSTARD POWDER 100G BANANA,CUSTARD POWDER 100G BANANA,2,13,4,10
2447,1753,CUSTARD POWDER 100G STRAWBERRY,CUSTARD POWDER 100G STRAWBERRY,2,13,4,10
2448,1392,CUSTARD POWDER 500G,CUSTARD POWDER 500G,2,13,4,10
2449,312,CUSTARD VANILLA 100G,CUSTARD VANILLA 100G,2,13,4,10
2450,1161,DAILY MILK ACTIV 200ML,DAILY MILK ACTIV 200ML,2,13,4,10
2451,1160,DAILY MILK CHOCOLATE 200ML,DAILY MILK CHOCOLATE 200ML,2,13,4,10
2452,706,DAILY MILK VANILLA 200ML,DAILY MILK VANILLA 200ML,2,13,4,10
2453,1559,DANDEX 6.5ML,DANDEX 6.5ML,2,13,4,10
2454,458,DANDEX FAMILY SHAMPOO 100ML,DANDEX FAMILY SHAMPOO 100ML,2,13,4,10
2455,459,DANDEX FAMILY SHAMPOO 200ML,DANDEX FAMILY SHAMPOO 200ML,2,13,4,10
2456,461,DANDEX PLUS SHAMPOO 100ML,DANDEX PLUS SHAMPOO 100ML,2,13,4,10
2457,460,DANDEX PLUS SHAMPOO 200ML,DANDEX PLUS SHAMPOO 200ML,2,13,4,10
2458,1077,DANTAMUITANG TOOTH POWDER,DANTAMUITANG TOOTH POWDER,2,13,4,10
2459,510,DARK SOYA SAUCE  640ML,DARK SOYA SAUCE  640ML,2,13,4,10
2460,1026,DATES,DATES,2,13,4,10
2461,1546,DATES NO 01BOX,DATES NO 01BOX,2,13,4,10
2462,1115,DELTA TOFFEE(RS:3),DELTA TOFFEE(RS:3),2,13,4,10
2463,1724,DEMEGE RICE,DEMEGE RICE,2,13,4,10
2464,894,DEMIGLACE  1KG,DEMIGLACE  1KG,2,13,4,10
2465,1635,DESICATED COCONUT,DESICATED COCONUT,2,13,4,10
2466,961,DETTOL LIQID 500ML,DETTOL LIQID 500ML,2,13,4,10
2467,224,DETTOL LIQUID 110ML,DETTOL LIQUID 110ML,2,13,4,10
2468,1363,DETTOL LIQUID 200ML,DETTOL LIQUID 200ML,2,13,4,10
2469,1296,DETTOL LIQUID 210ML,DETTOL LIQUID 210ML,2,13,4,10
2470,225,DETTOL LIQUID 60ML,DETTOL LIQUID 60ML,2,13,4,10
2471,971,DETTOL PLASTER RECKIT,DETTOL PLASTER RECKIT,2,13,4,10
2472,960,DETTOL SOAP 70G,DETTOL SOAP 70G,2,13,4,10
2473,1725,DEVILLED PASTE 60G,DEVILLED PASTE 60G,2,13,4,10
2474,1041,DHALL,DHALL,2,13,4,10
2475,931,DHALL  (NO:1),DHALL  (NO:1),2,13,4,10
2476,359,DIGESTIVE 125G,DIGESTIVE 125G,2,13,4,10
2477,241,DILL SEED 100G KOTMALE (FENUGREEK),DILL SEED 100G KOTMALE (FENUGREEK),2,13,4,10
2478,956,DILL SEEDS(FENUGREEK),DILL SEEDS(FENUGREEK),2,13,4,10
2479,1043,DIMAI PAPER,DIMAI PAPER,2,13,4,10
2480,760,DISHWASH MANUAL 5L,DISHWASH MANUAL 5L,2,13,4,10
2481,1395,DISPRIN,DISPRIN,2,13,4,10
2482,1116,DIVA DETERGEND POWDER  400G,DIVA DETERGEND POWDER  400G,2,13,4,10
2483,858,DIVA DETERGEND POWDER 1KG,DIVA DETERGEND POWDER 1KG,2,13,4,10
2484,579,DOMEX 500ML,DOMEX 500ML,2,13,4,10
2485,1456,DOMEX 6ML,DOMEX 6ML,2,13,4,10
2486,562,DOVE 90ML,DOVE 90ML,2,13,4,10
2487,1404,DOYLEYS PAPER 155MM–250P,DOYLEYS PAPER 155MM–250P,2,13,4,10
2488,1917,DRAIN CLEANER 50G,DRAIN CLEANER 50G,2,13,4,10
2489,1716,DRINKING–CHOCOLATE–500GM,DRINKING–CHOCOLATE–500GM,2,13,4,10
2490,930,DRY CHILLI,DRY CHILLI,2,13,4,10
2491,1494,DRY FISH,DRY FISH,2,13,4,10
2492,589,DRY FISH POWDER MIX 8G,DRY FISH POWDER MIX 8G,2,13,4,10
2493,1552,DUSTER,DUSTER,2,13,4,10
2494,228,EDINBORUGH TOMATO SAUCE 1KG,EDINBORUGH TOMATO SAUCE 1KG,2,13,4,10
2495,1821,EGG RED,EGG RED,2,13,4,10
2496,89,EGG WHITE,EGG WHITE,2,13,4,10
2497,440,ELEPHANT HOUSE GINGER BEER 500ML PET,ELEPHANT HOUSE GINGER BEER 500ML PET,2,13,4,10
2498,1396,ENO,ENO,2,13,4,10
2499,1343,ENVELOP–L,ENVELOP–L,2,13,4,10
2500,1344,ENVELOP–S,ENVELOP–S,2,13,4,10
2501,1915,ESSENCE ROSE 200ML,ESSENCE ROSE 200ML,2,13,4,10
2502,1914,ESSENCE SWEET ALMOND 200ML,ESSENCE SWEET ALMOND 200ML,2,13,4,10
2503,294,ESSENCES ALMOND 28ML DELMEGE,ESSENCES ALMOND 28ML DELMEGE,2,13,4,10
2504,296,ESSENCES BANANA 28ML DELMEGE,ESSENCES BANANA 28ML DELMEGE,2,13,4,10
2505,1774,ESSENCES BANANA 28ML RASARCO,ESSENCES BANANA 28ML RASARCO,2,13,4,10
2506,1083,ESSENCES BANANA FLAVOUR 500ML,ESSENCES BANANA FLAVOUR 500ML,2,13,4,10
2507,1776,ESSENCES BRANDY RASARCO,ESSENCES BRANDY RASARCO,2,13,4,10
2508,1170,ESSENCES BRIYANI 28ML DELMEGE,ESSENCES BRIYANI 28ML DELMEGE,2,13,4,10
2509,299,ESSENCES ORANGE 28ML DELMEGE,ESSENCES ORANGE 28ML DELMEGE,2,13,4,10
2510,297,ESSENCES PINEAPPLE 28ML DELMEGE,ESSENCES PINEAPPLE 28ML DELMEGE,2,13,4,10
2511,1877,ESSENCES PINEAPPLE 28ML*,ESSENCES PINEAPPLE 28ML*,2,13,4,10
2512,295,ESSENCES ROSE 28ML DELMEGE,ESSENCES ROSE 28ML DELMEGE,2,13,4,10
2513,1775,ESSENCES ROSE 28ML RASARCO,ESSENCES ROSE 28ML RASARCO,2,13,4,10
2514,298,ESSENCES STRAWBERRY 28ML DELMEGE,ESSENCES STRAWBERRY 28ML DELMEGE,2,13,4,10
2515,1490,ESSENCES VANILLA 200ML ABMAURI,ESSENCES VANILLA 200ML ABMAURI,2,13,4,10
2516,292,ESSENCES VANILLA 200ML DELMEGE,ESSENCES VANILLA 200ML DELMEGE,2,13,4,10
2517,293,ESSENCES VANILLA 28ML DELMEGE,ESSENCES VANILLA 28ML DELMEGE,2,13,4,10
2518,1773,ESSENCES VANILLA 28ML RASARCO,ESSENCES VANILLA 28ML RASARCO,2,13,4,10
2519,291,ESSENCES VANILLA 500ML DELMEGE,ESSENCES VANILLA 500ML DELMEGE,2,13,4,10
2520,1082,ESSENCES VANILLA FLAVOUR 500ML,ESSENCES VANILLA FLAVOUR 500ML,2,13,4,10
2521,1788,FACE WASH 50G F/A/H FAIRNESS,FACE WASH 50G F/A/H FAIRNESS,2,13,4,10
2522,1595,FACE WASH 50G FAIR&LOVELY MEN,FACE WASH 50G FAIR&LOVELY MEN,2,13,4,10
2523,1350,FACE WASH 50ML FAIR & LOVELY,FACE WASH 50ML FAIR & LOVELY,2,13,4,10
2524,238,FACE WASH CARROT SOFT 50ML,FACE WASH CARROT SOFT 50ML,2,13,4,10
2525,1088,FACE WASH CUCUMBER 50ML,FACE WASH CUCUMBER 50ML,2,13,4,10
2526,1637,FACE WASH PAPAYA SOFT 50ML,FACE WASH PAPAYA SOFT 50ML,2,13,4,10
2527,1806,FACH WASH POND'S WHITE BEAUTY 50G,FACH WASH POND'S WHITE BEAUTY 50G,2,13,4,10
2528,196,FACIAL TISSUE 2PLY FLORA,FACIAL TISSUE 2PLY FLORA,2,13,4,10
2529,568,FAIR LOVELY A–MARKS,FAIR LOVELY A–MARKS,2,13,4,10
2530,567,FAIR MAX FAIRNS 25G,FAIR MAX FAIRNS 25G,2,13,4,10
2531,569,FAIR MAX FAIRNS 50G,FAIR MAX FAIRNS 50G,2,13,4,10
2532,666,FAIR&HANDSOME 30G,FAIR&HANDSOME 30G,2,13,4,10
2533,667,FAIR&HANDSOME 60G,FAIR&HANDSOME 60G,2,13,4,10
2534,43,FAIR&LOVELY 25G,FAIR&LOVELY 25G,2,13,4,10
2535,44,FAIR&LOVELY 50G,FAIR&LOVELY 50G,2,13,4,10
2536,780,FAIREVER F.CREAM 25ML,FAIREVER F.CREAM 25ML,2,13,4,10
2537,769,FAIREVER F.CREAM 50ML,FAIREVER F.CREAM 50ML,2,13,4,10
2538,668,FAIRNESS 50G,FAIRNESS 50G,2,13,4,10
2539,322,FALUDA MIX 125G,FALUDA MIX 125G,2,13,4,10
2540,323,FALUDA MIX 250G,FALUDA MIX 250G,2,13,4,10
2541,1798,FANTA,FANTA,2,13,4,10
2542,714,FANTA 2L PET,FANTA 2L PET,2,13,4,10
2543,1509,FANTA 400ML PET,FANTA 400ML PET,2,13,4,10
2544,83,FANTA 500ML PET,FANTA 500ML PET,2,13,4,10
2545,1450,FEMS,FEMS,2,13,4,10
2546,523,FISH SAUCE 725ML,FISH SAUCE 725ML,2,13,4,10
2547,50,FLORA 250G,FLORA 250G,2,13,4,10
2548,49,FLORA 500G,FLORA 500G,2,13,4,10
2549,1697,FLOUR 1KG PKT,FLOUR 1KG PKT,2,13,4,10
2550,951,FLOUR MILL BACKERY,FLOUR MILL BACKERY,2,13,4,10
2551,1641,FLOUR PREEMA GREEN HOME,FLOUR PREEMA GREEN HOME,2,13,4,10
2552,1420,FOKE,FOKE,2,13,4,10
2553,1526,FOKE,FOKE,2,13,4,10
2554,502,FRENCH FRIES 1KG,FRENCH FRIES 1KG,2,13,4,10
2555,1433,FRESH CREAM 1L,FRESH CREAM 1L,2,13,4,10
2556,1796,FRIED RICE,FRIED RICE,2,13,4,10
2557,636,FRUIT COCK TAIL 825G,FRUIT COCK TAIL 825G,2,13,4,10
2558,944,GAMBOGE (GORAGA),GAMBOGE (GORAGA),2,13,4,10
2559,1401,GAMBOGE PASTE(GORAGA PASTE) 100G,GAMBOGE PASTE(GORAGA PASTE) 100G,2,13,4,10
2560,1400,GAMBOGE PASTE(GORAGA PASTE) 250G,GAMBOGE PASTE(GORAGA PASTE) 250G,2,13,4,10
2561,999,GARAMMASALA 50G,GARAMMASALA 50G,2,13,4,10
2562,907,GARBAGE BAG EXL,GARBAGE BAG EXL,2,13,4,10
2563,906,GARBAGE BAG L,GARBAGE BAG L,2,13,4,10
2564,905,GARBAGE BAG M,GARBAGE BAG M,2,13,4,10
2565,904,GARBAGE BAG S,GARBAGE BAG S,2,13,4,10
2566,927,GARLIC,GARLIC,2,13,4,10
2567,981,GARLIC MUREMIUM 250GM PCKET,GARLIC MUREMIUM 250GM PCKET,2,13,4,10
2568,1122,GARLIC PASTE 250G,GARLIC PASTE 250G,2,13,4,10
2569,1889,GARLIC POWDER 50G,GARLIC POWDER 50G,2,13,4,10
2570,1005,GARLIC SAVE 250G,GARLIC SAVE 250G,2,13,4,10
2571,1355,GARNIER 28G,GARNIER 28G,2,13,4,10
2572,1477,GAS 4 WAY JOINT RS:400,GAS 4 WAY JOINT RS:400,2,13,4,10
2573,1693,GAS BALL VEL 4/1',GAS BALL VEL 4/1',2,13,4,10
2574,1935,GAS BALL VEL 4/3',GAS BALL VEL 4/3',2,13,4,10
2575,1742,GAS BALL VEL BRASS 1/2',GAS BALL VEL BRASS 1/2',2,13,4,10
2576,1598,GAS BURNER :RS 940,GAS BURNER :RS 940,2,13,4,10
2577,1227,GAS BURNER C10,GAS BURNER C10,2,13,4,10
2578,1686,GAS BURNER C10 TRIBLE : 5250,GAS BURNER C10 TRIBLE : 5250,2,13,4,10
2579,1230,GAS BURNER C30,GAS BURNER C30,2,13,4,10
2580,1229,GAS BURNER C40,GAS BURNER C40,2,13,4,10
2581,1228,GAS BURNER C50,GAS BURNER C50,2,13,4,10
2582,1893,GAS BURNER H/P TOP (CH),GAS BURNER H/P TOP (CH),2,13,4,10
2583,1892,GAS BURNER H/P TOP (ML),GAS BURNER H/P TOP (ML),2,13,4,10
2584,1199,GAS BURNER RS:1050,GAS BURNER RS:1050,2,13,4,10
2585,1204,GAS BURNER RS:110,GAS BURNER RS:110,2,13,4,10
2586,1200,GAS BURNER RS:1100,GAS BURNER RS:1100,2,13,4,10
2587,1475,GAS BURNER RS:1175,GAS BURNER RS:1175,2,13,4,10
2588,1231,GAS BURNER RS:1200,GAS BURNER RS:1200,2,13,4,10
2589,1198,GAS BURNER RS:1210,GAS BURNER RS:1210,2,13,4,10
2590,1207,GAS BURNER RS:125,GAS BURNER RS:125,2,13,4,10
2591,1237,GAS BURNER RS:150,GAS BURNER RS:150,2,13,4,10
2592,1236,GAS BURNER RS:160 MIDDLE,GAS BURNER RS:160 MIDDLE,2,13,4,10
2593,1234,GAS BURNER RS:210 MIDDLE,GAS BURNER RS:210 MIDDLE,2,13,4,10
2594,1937,GAS BURNER RS:225,GAS BURNER RS:225,2,13,4,10
2595,1238,GAS BURNER RS:240 MIDDLE,GAS BURNER RS:240 MIDDLE,2,13,4,10
2596,1202,GAS BURNER RS:250,GAS BURNER RS:250,2,13,4,10
2597,1938,GAS BURNER RS:270,GAS BURNER RS:270,2,13,4,10
2598,1235,GAS BURNER RS:290,GAS BURNER RS:290,2,13,4,10
2599,1203,GAS BURNER RS:300,GAS BURNER RS:300,2,13,4,10
2600,1222,GAS BURNER RS:350,GAS BURNER RS:350,2,13,4,10
2601,1221,GAS BURNER RS:390,GAS BURNER RS:390,2,13,4,10
2602,1220,GAS BURNER RS:410,GAS BURNER RS:410,2,13,4,10
2603,1223,GAS BURNER RS:425,GAS BURNER RS:425,2,13,4,10
2604,1225,GAS BURNER RS:450,GAS BURNER RS:450,2,13,4,10
2605,1210,GAS BURNER RS:455,GAS BURNER RS:455,2,13,4,10
2606,1218,GAS BURNER RS:460,GAS BURNER RS:460,2,13,4,10
2607,1211,GAS BURNER RS:490,GAS BURNER RS:490,2,13,4,10
2608,1224,GAS BURNER RS:510,GAS BURNER RS:510,2,13,4,10
2609,1212,GAS BURNER RS:520,GAS BURNER RS:520,2,13,4,10
2610,1217,GAS BURNER RS:540,GAS BURNER RS:540,2,13,4,10
2611,1219,GAS BURNER RS:550,GAS BURNER RS:550,2,13,4,10
2612,1215,GAS BURNER RS:560,GAS BURNER RS:560,2,13,4,10
2613,1209,GAS BURNER RS:575,GAS BURNER RS:575,2,13,4,10
2614,1226,GAS BURNER RS:590,GAS BURNER RS:590,2,13,4,10
2615,1195,GAS BURNER RS:600,GAS BURNER RS:600,2,13,4,10
2616,1213,GAS BURNER RS:630,GAS BURNER RS:630,2,13,4,10
2617,1208,GAS BURNER RS:675,GAS BURNER RS:675,2,13,4,10
2618,1233,GAS BURNER RS:70,GAS BURNER RS:70,2,13,4,10
2619,1214,GAS BURNER RS:725,GAS BURNER RS:725,2,13,4,10
2620,1919,GAS BURNER RS:740,GAS BURNER RS:740,2,13,4,10
2621,1205,GAS BURNER RS:750,GAS BURNER RS:750,2,13,4,10
2622,1918,GAS BURNER RS:775,GAS BURNER RS:775,2,13,4,10
2623,1196,GAS BURNER RS:850,GAS BURNER RS:850,2,13,4,10
2624,1197,GAS BURNER RS:875,GAS BURNER RS:875,2,13,4,10
2625,1922,GAS BURNER RS:895,GAS BURNER RS:895,2,13,4,10
2626,1201,GAS BURNER RS:910,GAS BURNER RS:910,2,13,4,10
2627,1920,GAS BURNER RS:940,GAS BURNER RS:940,2,13,4,10
2628,1933,GAS BURNER RS;1150,GAS BURNER RS;1150,2,13,4,10
2629,1939,GAS BURNER RS;500,GAS BURNER RS;500,2,13,4,10
2630,1932,GAS BURNER RS;820,GAS BURNER RS;820,2,13,4,10
2631,1548,GAS CLIP,GAS CLIP,2,13,4,10
2632,1925,GAS CONNECT PIPE(L),GAS CONNECT PIPE(L),2,13,4,10
2633,1934,GAS CONNECTAR RS;450,GAS CONNECTAR RS;450,2,13,4,10
2634,1241,GAS CONNECTOR 1/2 RS:400,GAS CONNECTOR 1/2 RS:400,2,13,4,10
2635,1239,GAS CONNECTOR 1/2 RS:500,GAS CONNECTOR 1/2 RS:500,2,13,4,10
2636,1894,GAS CONNECTOR 1/4 RS:500 INTHERED,GAS CONNECTOR 1/4 RS:500 INTHERED,2,13,4,10
2637,1240,GAS CONNECTOR 1/4 RS:500 OUTTHERED,GAS CONNECTOR 1/4 RS:500 OUTTHERED,2,13,4,10
2638,1242,GAS CONNECTOR RS:225,GAS CONNECTOR RS:225,2,13,4,10
2639,1480,GAS CONNECTOR RS:250,GAS CONNECTOR RS:250,2,13,4,10
2640,1262,GAS CONNECTOR RS:350,GAS CONNECTOR RS:350,2,13,4,10
2641,1243,GAS CONNECTOR RS:360,GAS CONNECTOR RS:360,2,13,4,10
2642,1261,GAS CONNECTOR RS:400,GAS CONNECTOR RS:400,2,13,4,10
2643,1882,GAS COOKER H.P,GAS COOKER H.P,2,13,4,10
2644,1881,GAS COOKER H.P SPOON,GAS COOKER H.P SPOON,2,13,4,10
2645,1472,GAS COOKER PLTE RS:210,GAS COOKER PLTE RS:210,2,13,4,10
2646,1923,GAS COOKER STAND,GAS COOKER STAND,2,13,4,10
2647,1924,GAS COOKER STAND,GAS COOKER STAND,2,13,4,10
2648,1928,GAS COOKER STAND,GAS COOKER STAND,2,13,4,10
2649,1481,GAS COOKER STAND C30 RS:2200,GAS COOKER STAND C30 RS:2200,2,13,4,10
2650,1640,GAS COOKER STAND C40 :1850,GAS COOKER STAND C40 :1850,2,13,4,10
2651,1729,GAS COOKER STAND C50,GAS COOKER STAND C50,2,13,4,10
2652,1474,GAS COOKER STAND H.P,GAS COOKER STAND H.P,2,13,4,10
2653,1468,GAS COOKER STAND OVEL RS:425,GAS COOKER STAND OVEL RS:425,2,13,4,10
2654,1721,GAS COOKER STAND ROUND,GAS COOKER STAND ROUND,2,13,4,10
2655,1469,GAS COOKER STAND ROUND RS:360,GAS COOKER STAND ROUND RS:360,2,13,4,10
2656,1471,GAS COOKER STAND SONEYO RS:350,GAS COOKER STAND SONEYO RS:350,2,13,4,10
2657,1470,GAS COOKER STAND SQAR RS:450,GAS COOKER STAND SQAR RS:450,2,13,4,10
2658,1976,GAS FIGHLAT,GAS FIGHLAT,2,13,4,10
2659,1636,GAS FIGHLAT SET,GAS FIGHLAT SET,2,13,4,10
2660,1883,GAS FRYING PAN (THACHCHI),GAS FRYING PAN (THACHCHI),2,13,4,10
2661,1658,GAS HAMER 60,GAS HAMER 60,2,13,4,10
2662,1329,GAS HOUSE RED 1M,GAS HOUSE RED 1M,2,13,4,10
2663,1330,GAS HOUSE WHITE 1M,GAS HOUSE WHITE 1M,2,13,4,10
2664,1194,GAS IGNATION CORED RS:250,GAS IGNATION CORED RS:250,2,13,4,10
2665,1254,GAS IGNATION RS:455,GAS IGNATION RS:455,2,13,4,10
2666,1255,GAS IGNATION RS:975,GAS IGNATION RS:975,2,13,4,10
2667,1926,GAS KNOB RS:175,GAS KNOB RS:175,2,13,4,10
2668,1482,GAS KNOBE RS:110,GAS KNOBE RS:110,2,13,4,10
2669,1921,GAS KNOBE RS:145,GAS KNOBE RS:145,2,13,4,10
2670,1576,GAS KNOBE RS:230,GAS KNOBE RS:230,2,13,4,10
2671,1603,GAS KNOBE RS:280,GAS KNOBE RS:280,2,13,4,10
2672,1931,GAS L JOINT RS:400,GAS L JOINT RS:400,2,13,4,10
2673,1483,GAS LAG (4) RS;150,GAS LAG (4) RS;150,2,13,4,10
2674,1929,GAS LEG,GAS LEG,2,13,4,10
2675,1650,GAS LIGHTER NO–1,GAS LIGHTER NO–1,2,13,4,10
2676,1193,GAS LIGHTER RS:150,GAS LIGHTER RS:150,2,13,4,10
2677,1253,GAS NACK C30,GAS NACK C30,2,13,4,10
2678,1252,GAS NACK C40,GAS NACK C40,2,13,4,10
2679,1251,GAS NACK C50,GAS NACK C50,2,13,4,10
2680,1936,GAS RE/TAR CONNECTAR,GAS RE/TAR CONNECTAR,2,13,4,10
2681,1191,GAS T JOINT RS:150,GAS T JOINT RS:150,2,13,4,10
2682,1476,GAS T JOINT RS:180,GAS T JOINT RS:180,2,13,4,10
2683,1192,GAS T JOINT RS:225,GAS T JOINT RS:225,2,13,4,10
2684,1443,GAS TAP C10 RS;350,GAS TAP C10 RS;350,2,13,4,10
2685,1244,GAS TAP C10 RS;425,GAS TAP C10 RS;425,2,13,4,10
2686,1759,GAS TAP C30/C40/C50,GAS TAP C30/C40/C50,2,13,4,10
2687,1930,GAS Z JOINT RS:180,GAS Z JOINT RS:180,2,13,4,10
2688,1731,GEE 375ML NO–01,GEE 375ML NO–01,2,13,4,10
2689,1754,GEE 750ML NO–01,GEE 750ML NO–01,2,13,4,10
2690,914,GEE OIL 175ML,GEE OIL 175ML,2,13,4,10
2691,1816,GEE OIL 180ML NO–01,GEE OIL 180ML NO–01,2,13,4,10
2692,915,GEE OIL 375ML,GEE OIL 375ML,2,13,4,10
2693,916,GEE OIL 750ML,GEE OIL 750ML,2,13,4,10
2694,1717,GEE UDHAYA KRISHNA 100ML,GEE UDHAYA KRISHNA 100ML,2,13,4,10
2695,268,GEL 14KG,GEL 14KG,2,13,4,10
2696,267,GEL 200G,GEL 200G,2,13,4,10
2697,1340,GELATEIN 500G,GELATEIN 500G,2,13,4,10
2698,311,GELATIN 100G,GELATIN 100G,2,13,4,10
2699,310,GELATIN 30G,GELATIN 30G,2,13,4,10
2700,360,GEM 100G,GEM 100G,2,13,4,10
2701,361,GEM 15G CBL,GEM 15G CBL,2,13,4,10
2702,630,GHERKIN 550ML,GHERKIN 550ML,2,13,4,10
2703,362,GIFT ASST 400G,GIFT ASST 400G,2,13,4,10
2704,1175,GILLETE BLUE 2 PLUS,GILLETE BLUE 2 PLUS,2,13,4,10
2705,1868,GILLETE MACH 3 (BLADE*4),GILLETE MACH 3 (BLADE*4),2,13,4,10
2706,1869,GILLETE MACH 3 RASER,GILLETE MACH 3 RASER,2,13,4,10
2707,326,GILLETTE BLUE 2,GILLETTE BLUE 2,2,13,4,10
2708,1541,GILLETTE BLUE 3,GILLETTE BLUE 3,2,13,4,10
2709,327,GILLETTE MACH 3,GILLETTE MACH 3,2,13,4,10
2710,1264,GINGELLY OIL (NO:2) 375ML,GINGELLY OIL (NO:2) 375ML,2,13,4,10
2711,911,GINGELY OIL 175ML,GINGELY OIL 175ML,2,13,4,10
2712,159,GINGELY OIL 375ML,GINGELY OIL 375ML,2,13,4,10
2713,912,GINGELY OIL 750ML–1,GINGELY OIL 750ML–1,2,13,4,10
2714,913,GINGELY OIL–2 750ML,GINGELY OIL–2 750ML,2,13,4,10
2715,929,GINGER,GINGER,2,13,4,10
2716,363,GINGER 400G,GINGER 400G,2,13,4,10
2717,441,GINGER ALE 500ML PET,GINGER ALE 500ML PET,2,13,4,10
2718,600,GINGER BEER 1.5L PET,GINGER BEER 1.5L PET,2,13,4,10
2719,1957,GINGER BEER 300ML,GINGER BEER 300ML,2,13,4,10
2720,1510,GINGER BEER 400ML PET,GINGER BEER 400ML PET,2,13,4,10
2721,440,GINGER BEER 500ML PET,GINGER BEER 500ML PET,2,13,4,10
2722,364,GINGER BIS 80G,GINGER BIS 80G,2,13,4,10
2723,226,GINGER NO–02,GINGER NO–02,2,13,4,10
2724,809,GINGER PASTE 225G MD,GINGER PASTE 225G MD,2,13,4,10
2725,1888,GINGER POWDER TIN 60G,GINGER POWDER TIN 60G,2,13,4,10
2726,1500,GINGER PRESERVE,GINGER PRESERVE,2,13,4,10
2727,365,GINGER ZING,GINGER ZING,2,13,4,10
2728,1558,GLASS CLEANER 500ML,GLASS CLEANER 500ML,2,13,4,10
2729,1169,GLASS CLEANER 5L,GLASS CLEANER 5L,2,13,4,10
2730,1335,GLASS PAPER 1,GLASS PAPER 1,2,13,4,10
2731,1497,GLASS U10,GLASS U10,2,13,4,10
2732,524,GLOVE HAND 100PCS,GLOVE HAND 100PCS,2,13,4,10
2733,1688,GLOVES DISPOSAPLE 10*100,GLOVES DISPOSAPLE 10*100,2,13,4,10
2734,366,GLUCOFIT,GLUCOFIT,2,13,4,10
2735,1463,GLUCOS 100G,GLUCOS 100G,2,13,4,10
2736,1073,GLYCERIN 28ML,GLYCERIN 28ML,2,13,4,10
2737,1110,GOLDEN SYRUP 500G,GOLDEN SYRUP 500G,2,13,4,10
2738,1379,GOYA COLOGNE 35ML,GOYA COLOGNE 35ML,2,13,4,10
2739,1457,GOYA PERFUME 2.5ML,GOYA PERFUME 2.5ML,2,13,4,10
2740,1078,GRAM FLOUR,GRAM FLOUR,2,13,4,10
2741,1695,GRAME (JUMBO KADALA),GRAME (JUMBO KADALA),2,13,4,10
2742,920,GRAME DHALL,GRAME DHALL,2,13,4,10
2743,1733,GRAME(JUMBO) MAXICAN,GRAME(JUMBO) MAXICAN,2,13,4,10
2744,1009,GREEEN GRAM DHALL,GREEEN GRAM DHALL,2,13,4,10
2745,994,GREEN GRAM DHALL 1KG,GREEN GRAM DHALL 1KG,2,13,4,10
2746,1817,GREEN GRAM FLOUR,GREEN GRAM FLOUR,2,13,4,10
2747,919,GREEN GRAME,GREEN GRAME,2,13,4,10
2748,627,GREEN OILES 450G,GREEN OILES 450G,2,13,4,10
2749,513,GREEN PEAS 400G,GREEN PEAS 400G,2,13,4,10
2750,1246,GREEN PEAS DRY,GREEN PEAS DRY,2,13,4,10
2751,1419,GREEN PEAS FROZEN,GREEN PEAS FROZEN,2,13,4,10
2752,1521,GREEN TEA 100G,GREEN TEA 100G,2,13,4,10
2753,564,GREEN TEA BAG 1.7G LIPTON,GREEN TEA BAG 1.7G LIPTON,2,13,4,10
2754,1927,GRINDER BLADE HOLDER,GRINDER BLADE HOLDER,2,13,4,10
2755,1863,GRIPE MIX WATER 100ML,GRIPE MIX WATER 100ML,2,13,4,10
2756,1462,GRIPE MIX WATER 180 ML,GRIPE MIX WATER 180 ML,2,13,4,10
2757,715,GROCERY 5*7,GROCERY 5*7,2,13,4,10
2758,97,GROCERY 7*10,GROCERY 7*10,2,13,4,10
2759,716,GROCERY 9*12,GROCERY 9*12,2,13,4,10
2760,836,HACKS TOFFEE,HACKS TOFFEE,2,13,4,10
2761,248,HAIR COLOUR (BLACK HENNA)3G,HAIR COLOUR (BLACK HENNA)3G,2,13,4,10
2762,1836,HAIR COLOUR (GODREJ)10G,HAIR COLOUR (GODREJ)10G,2,13,4,10
2763,1491,HAIR COLOUR (GODREJ)3G,HAIR COLOUR (GODREJ)3G,2,13,4,10
2764,1503,HAIR COLOUR LANISS,HAIR COLOUR LANISS,2,13,4,10
2765,1459,HAIR CREAM 4G,HAIR CREAM 4G,2,13,4,10
2766,1367,HAIR CREAM BLACK KNIGHT 100ML,HAIR CREAM BLACK KNIGHT 100ML,2,13,4,10
2767,1770,HAIR CREAM BLACK KNIGHT 30ML,HAIR CREAM BLACK KNIGHT 30ML,2,13,4,10
2768,1368,HAIR CREAM GOLD 100ML,HAIR CREAM GOLD 100ML,2,13,4,10
2769,1771,HAIR GEL 30ML,HAIR GEL 30ML,2,13,4,10
2770,1461,HAIR GEL 4G,HAIR GEL 4G,2,13,4,10
2771,1667,HAIR GEL GOLD 100ML,HAIR GEL GOLD 100ML,2,13,4,10
2772,1232,HANDWASH – DETTOL 200ML,HANDWASH – DETTOL 200ML,2,13,4,10
2773,54,HANDWASH – LIFEBOY 200ML,HANDWASH – LIFEBOY 200ML,2,13,4,10
2774,1737,HANDWASH – VELVET 200ML,HANDWASH – VELVET 200ML,2,13,4,10
2775,1361,HANDWASH 500ML,HANDWASH 500ML,2,13,4,10
2776,1168,HANDWASH 5L,HANDWASH 5L,2,13,4,10
2777,394,HANDY PACK 250G,HANDY PACK 250G,2,13,4,10
2778,395,HANDY PACK 85G,HANDY PACK 85G,2,13,4,10
2779,963,HARPIC 200ML,HARPIC 200ML,2,13,4,10
2780,962,HARPIC 500ML,HARPIC 500ML,2,13,4,10
2781,598,HARPIC 750ML,HARPIC 750ML,2,13,4,10
2782,1834,HARPIC BATHROOM CLEANER,HARPIC BATHROOM CLEANER,2,13,4,10
2783,1326,HARPIC BLOW CLEAER 50G,HARPIC BLOW CLEAER 50G,2,13,4,10
2784,367,HAWAIAN COOKIES 100G,HAWAIAN COOKIES 100G,2,13,4,10
2785,368,HAWAIAN COOKIES 200G,HAWAIAN COOKIES 200G,2,13,4,10
2786,693,HAYEYS TORNADO  15W,HAYEYS TORNADO  15W,2,13,4,10
2787,695,HAYEYS TORNADO  24W,HAYEYS TORNADO  24W,2,13,4,10
2788,692,HAYEYS TORNADO  8W,HAYEYS TORNADO  8W,2,13,4,10
2789,694,HAYEYS TORNADO 20W,HAYEYS TORNADO 20W,2,13,4,10
2790,691,HAYEYS TORNADO 5W,HAYEYS TORNADO 5W,2,13,4,10
2791,87,HAYIEYS ELECTRONICS 45W,HAYIEYS ELECTRONICS 45W,2,13,4,10
2792,86,HAYLEYS ELECTONICS 65W,HAYLEYS ELECTONICS 65W,2,13,4,10
2793,1743,HEAD & SHOLDER ANTI HAIR FALL 170ML,HEAD & SHOLDER ANTI HAIR FALL 170ML,2,13,4,10
2794,1744,HEAD & SHOULDER HAIR FALL 170 ML,HEAD & SHOULDER HAIR FALL 170 ML,2,13,4,10
2795,1356,HEAD&SHOULDER 70ML,HEAD&SHOULDER 70ML,2,13,4,10
2796,1745,HEAD&SHOULDERS SMOOTH&SILKY/C & B 170ML,HEAD&SHOULDERS SMOOTH&SILKY/C & B 170ML,2,13,4,10
2797,819,HIGHLAND BUTTER 200G,HIGHLAND BUTTER 200G,2,13,4,10
2798,818,HIGHLAND CURD 1L,HIGHLAND CURD 1L,2,13,4,10
2799,817,HIGHLAND CURD 500ML,HIGHLAND CURD 500ML,2,13,4,10
2800,814,HIGHLAND GHEE 500ML,HIGHLAND GHEE 500ML,2,13,4,10
2801,1621,HIGHLAND ICE CREAM 2L,HIGHLAND ICE CREAM 2L,2,13,4,10
2802,812,HIGHLAND ICE CREAM 4L,HIGHLAND ICE CREAM 4L,2,13,4,10
2803,815,HIGHLAND MILK 900ML,HIGHLAND MILK 900ML,2,13,4,10
2804,816,HIGHLAND MILK POWDER 400G,HIGHLAND MILK POWDER 400G,2,13,4,10
2805,620,HONEY 1KG,HONEY 1KG,2,13,4,10
2806,610,HONEY 25G,HONEY 25G,2,13,4,10
2807,1789,HONEY DABUR 50G,HONEY DABUR 50G,2,13,4,10
2808,169,HOPPER MIXTURE 400G – ALLI,HOPPER MIXTURE 400G – ALLI,2,13,4,10
2809,704,HOPPER MIXTURE 400G – HC,HOPPER MIXTURE 400G – HC,2,13,4,10
2810,236,HOPPER MIXTURE 400G – MDK,HOPPER MIXTURE 400G – MDK,2,13,4,10
2811,1736,HOPPER MIXTURE 400G – NIKADO,HOPPER MIXTURE 400G – NIKADO,2,13,4,10
2812,855,HORLICKS (PACKIT) 400G,HORLICKS (PACKIT) 400G,2,13,4,10
2813,1393,HORLICKS 27G,HORLICKS 27G,2,13,4,10
2814,1973,HORLICKS 400G JUNIOR,HORLICKS 400G JUNIOR,2,13,4,10
2815,274,HORLICKS 400JAR,HORLICKS 400JAR,2,13,4,10
2816,942,HORSE GRAM (KOLLU),HORSE GRAM (KOLLU),2,13,4,10
2817,740,HUNY 180ML FLORA,HUNY 180ML FLORA,2,13,4,10
2818,1248,ICE CONES (L) W/S,ICE CONES (L) W/S,2,13,4,10
2819,1247,ICE CONES (S) W/S,ICE CONES (S) W/S,2,13,4,10
2820,1516,ICE TUBE,ICE TUBE,2,13,4,10
2821,735,ICE–CREAM CHOCOLATE 1L,ICE–CREAM CHOCOLATE 1L,2,13,4,10
2822,176,ICE–CREAM CHOCOLATE 2L,ICE–CREAM CHOCOLATE 2L,2,13,4,10
2823,730,ICE–CREAM CHOCOLATE 500ML,ICE–CREAM CHOCOLATE 500ML,2,13,4,10
2824,1445,ICE–CREAM CHOCOLATE CUP,ICE–CREAM CHOCOLATE CUP,2,13,4,10
2825,737,ICE–CREAM DOUBLE DELIGHT 1L,ICE–CREAM DOUBLE DELIGHT 1L,2,13,4,10
2826,180,ICE–CREAM FALUDA 60ML,ICE–CREAM FALUDA 60ML,2,13,4,10
2827,722,ICE–CREAM FRUIT BLAST 60ML,ICE–CREAM FRUIT BLAST 60ML,2,13,4,10
2828,183,ICE–CREAM FRUIT&NUT 1L,ICE–CREAM FRUIT&NUT 1L,2,13,4,10
2829,727,ICE–CREAM FRUIT&NUT 2L,ICE–CREAM FRUIT&NUT 2L,2,13,4,10
2830,732,ICE–CREAM FRUIT&NUT 500ML,ICE–CREAM FRUIT&NUT 500ML,2,13,4,10
2831,724,ICE–CREAM FRUIT&NUT 80ML,ICE–CREAM FRUIT&NUT 80ML,2,13,4,10
2832,184,ICE–CREAM HAKURUMIX 1L,ICE–CREAM HAKURUMIX 1L,2,13,4,10
2833,1444,ICE–CREAM JELLY CUP,ICE–CREAM JELLY CUP,2,13,4,10
2834,1439,ICE–CREAM KARATHAKOLOMBA 1L,ICE–CREAM KARATHAKOLOMBA 1L,2,13,4,10
2835,738,ICE–CREAM KRIRIPANI 2L,ICE–CREAM KRIRIPANI 2L,2,13,4,10
2836,739,ICE–CREAM MANGO 1L,ICE–CREAM MANGO 1L,2,13,4,10
2837,1446,ICE–CREAM MANGO CUP,ICE–CREAM MANGO CUP,2,13,4,10
2838,728,ICE–CREAM NECTO 60ML,ICE–CREAM NECTO 60ML,2,13,4,10
2839,725,ICE–CREAM PANI KADJU 80ML,ICE–CREAM PANI KADJU 80ML,2,13,4,10
2840,1941,ICE–CREAM RS:10.00,ICE–CREAM RS:10.00,2,13,4,10
2841,736,ICE–CREAM STRAWBERRY 1L,ICE–CREAM STRAWBERRY 1L,2,13,4,10
2842,177,ICE–CREAM STRAWBERRY 2L,ICE–CREAM STRAWBERRY 2L,2,13,4,10
2843,731,ICE–CREAM STRAWBERRY 500ML,ICE–CREAM STRAWBERRY 500ML,2,13,4,10
2844,1852,ICE–CREAM SWORD 73ML,ICE–CREAM SWORD 73ML,2,13,4,10
2845,1440,ICE–CREAM TWIST 1L,ICE–CREAM TWIST 1L,2,13,4,10
2846,726,ICE–CREAM VANILLA 1L,ICE–CREAM VANILLA 1L,2,13,4,10
2847,185,ICE–CREAM VANILLA 2L,ICE–CREAM VANILLA 2L,2,13,4,10
2848,178,ICE–CREAM VANILLA 4L,ICE–CREAM VANILLA 4L,2,13,4,10
2849,729,ICE–CREAM VANILLA 500ML,ICE–CREAM VANILLA 500ML,2,13,4,10
2850,733,ICE–CREAM VANILLA CHOCOTWIST 1L,ICE–CREAM VANILLA CHOCOTWIST 1L,2,13,4,10
2851,723,ICE–CREAM VAVILLA CUP 80ML,ICE–CREAM VAVILLA CUP 80ML,2,13,4,10
2852,179,ICE–CREAM WONDER BAR 60ML,ICE–CREAM WONDER BAR 60ML,2,13,4,10
2853,734,ICE–CREAM WONDER BITE 55ML,ICE–CREAM WONDER BITE 55ML,2,13,4,10
2854,1648,ICE–CREAM WONDER CONE VANILLA,ICE–CREAM WONDER CONE VANILLA,2,13,4,10
2855,1676,ICE–WATTALAPPAM,ICE–WATTALAPPAM,2,13,4,10
2856,1081,ICING SUGAR 2.5KG PRIME,ICING SUGAR 2.5KG PRIME,2,13,4,10
2857,1382,ICING SUGAR 500G,ICING SUGAR 500G,2,13,4,10
2858,1628,ICING SUGER 250G,ICING SUGER 250G,2,13,4,10
2859,1011,IDHAYAM 1L GOLD,IDHAYAM 1L GOLD,2,13,4,10
2860,1012,IDHAYAM 500ML GOLD,IDHAYAM 500ML GOLD,2,13,4,10
2861,170,IDLY MIX 400G ALLI,IDLY MIX 400G ALLI,2,13,4,10
2862,1601,IDLY MIX 400G MDK,IDLY MIX 400G MDK,2,13,4,10
2863,1372,INDULEKHA 100ML,INDULEKHA 100ML,2,13,4,10
2864,272,IODEX 10G,IODEX 10G,2,13,4,10
2865,1394,IODEX 20G,IODEX 20G,2,13,4,10
2866,273,IODEX 4G,IODEX 4G,2,13,4,10
2867,639,IODEX 9G,IODEX 9G,2,13,4,10
2868,1902,IODEX HEADFAST 18G,IODEX HEADFAST 18G,2,13,4,10
2869,1885,JAFFNA CURRY PASTE 60G,JAFFNA CURRY PASTE 60G,2,13,4,10
2870,1338,JAM MANGO 1.4KG EDINBOROUGH,JAM MANGO 1.4KG EDINBOROUGH,2,13,4,10
2871,1101,JAM MANGO 225G MD,JAM MANGO 225G MD,2,13,4,10
2872,783,JAM MANGO 485G MD,JAM MANGO 485G MD,2,13,4,10
2873,478,JAM MANGO 510G KIST,JAM MANGO 510G KIST,2,13,4,10
2874,60,JAM MIXED FRUIT 1.4KG EDINBOROUGH,JAM MIXED FRUIT 1.4KG EDINBOROUGH,2,13,4,10
2875,59,JAM MIXED FRUIT 15G EDINBOROUGH,JAM MIXED FRUIT 15G EDINBOROUGH,2,13,4,10
2876,472,JAM MIXED FRUIT 200G KIST,JAM MIXED FRUIT 200G KIST,2,13,4,10
2877,1100,JAM MIXED FRUIT 225G MD,JAM MIXED FRUIT 225G MD,2,13,4,10
2878,784,JAM MIXED FRUIT 485G  MD,JAM MIXED FRUIT 485G  MD,2,13,4,10
2879,1974,JAM MIXED FRUIT 510G KIST,JAM MIXED FRUIT 510G KIST,2,13,4,10
2880,1096,JAM ORANGE MARMALADE 15G EDINBOROUGH,JAM ORANGE MARMALADE 15G EDINBOROUGH,2,13,4,10
2881,64,JAM ORANGE MARMALADE 450G EDINBOROUGH,JAM ORANGE MARMALADE 450G EDINBOROUGH,2,13,4,10
2882,785,JAM ORANGE MARMALADE 485G MD,JAM ORANGE MARMALADE 485G MD,2,13,4,10
2883,787,JAM PASSION FRUIT 485G MD,JAM PASSION FRUIT 485G MD,2,13,4,10
2884,477,JAM PINEAPPIE 510G KIST,JAM PINEAPPIE 510G KIST,2,13,4,10
2885,62,JAM PINEAPPLE 1.4KGEDINBOROUGH,JAM PINEAPPLE 1.4KGEDINBOROUGH,2,13,4,10
2886,1102,JAM PINEAPPLE 225G MD,JAM PINEAPPLE 225G MD,2,13,4,10
2887,788,JAM PINEAPPLE 485G MD,JAM PINEAPPLE 485G MD,2,13,4,10
2888,786,JAM REAL STRAWBERRY 485G MD,JAM REAL STRAWBERRY 485G MD,2,13,4,10
2889,61,JAM STRAWBERRY 1.4KG EDINBOROUGH,JAM STRAWBERRY 1.4KG EDINBOROUGH,2,13,4,10
2890,1097,JAM STRAWBERRY 15G EDINBOROUGH,JAM STRAWBERRY 15G EDINBOROUGH,2,13,4,10
2891,789,JAM STRAWBERRY 485G MD,JAM STRAWBERRY 485G MD,2,13,4,10
2892,1709,JAM STRAWBERRY REAL 310G KIST,JAM STRAWBERRY REAL 310G KIST,2,13,4,10
2893,1104,JAM STRAWEBERRY 200G KIST,JAM STRAWEBERRY 200G KIST,2,13,4,10
2894,1103,JAM STRAWEBERRY MELON 225G MD,JAM STRAWEBERRY MELON 225G MD,2,13,4,10
2895,476,JAM STRAWEBERRY MELON 510G KIST,JAM STRAWEBERRY MELON 510G KIST,2,13,4,10
2896,480,JAM STRWEBERRY FLV MELON 200G KIST,JAM STRWEBERRY FLV MELON 200G KIST,2,13,4,10
2897,670,JAM STRWEBERRY REAL FRUIT 310G KIST,JAM STRWEBERRY REAL FRUIT 310G KIST,2,13,4,10
2898,1543,JAM STRWEBERRY REAL FRUIT 310G MD,JAM STRWEBERRY REAL FRUIT 310G MD,2,13,4,10
2899,479,JAM WOODAPPIE 200G KIST,JAM WOODAPPIE 200G KIST,2,13,4,10
2900,63,JAM WOODAPPLE 1.4KG EDINBOROUGH,JAM WOODAPPLE 1.4KG EDINBOROUGH,2,13,4,10
2901,1105,JAM WOODAPPLE 225G MD,JAM WOODAPPLE 225G MD,2,13,4,10
2902,790,JAM WOODAPPLE 485G MD,JAM WOODAPPLE 485G MD,2,13,4,10
2903,1099,JAM WOODAPPLE 510G KIST,JAM WOODAPPLE 510G KIST,2,13,4,10
2904,1712,JAM WOODAPPLE 895G MD,JAM WOODAPPLE 895G MD,2,13,4,10
2905,1600,JAMBO PEANUT 185G,JAMBO PEANUT 185G,2,13,4,10
2906,1048,JAMBO PEANUT 18G,JAMBO PEANUT 18G,2,13,4,10
2907,1049,JAMBO PEANUT 50G,JAMBO PEANUT 50G,2,13,4,10
